﻿Designator,Footprint,Quantity,Value,LCSC Part #
"C1, C2, C3, C4, C5, C6, C7, C8, C9",0805,9,100nF,
D1,LED_D3.0mm,1,LED,
J1,PinHeader_2x02_P2.54mm_Vertical,1,Conn_02x02_Odd_Even,
J2,PinHeader_2x20_P2.54mm_Even_Odd_Vertical,1,Conn_02x20_Odd_Even,
J3,SD_Hirose_DM1AA_SF_PEJ82,1,SD_Card_Receptacle,
"Q1, Q2",SOT-23_Handsoldering,2,SSM3K324RLFCT-ND,
R1,0805,1,100,
"R10, R11",0805,2,10k,
"R2, R6, R8",0805,3,1k,
"U1, U3, U4, U5",SOIC-24W_7.5x15.4mm_P1.27mm,4,SN74LVCC4245ADWR,
U2,RaspberryPi_Pico_SMD_HandSolder,1,RaspberryPi_Pico,
