﻿Designator,Footprint,Quantity,Value,LCSC Part #
"C1, C100, C12, C4, C40, C6, C90, C91, C92, C93, C94, C95, C96, C97, C98, C99",CP_Radial_D5.0mm_P2.50mm,16,10uF 16V,
C101,CP_Radial_D10.0mm_P5.00mm,1,470uF 16V,
"C13, C3",C_Disc_D4.3mm_W1.9mm_P5.00mm,2,10nF,
"C17, C18",C_Disc_D4.3mm_W1.9mm_P5.00mm,2,220pF,
C19,CP_Radial_D5.0mm_P2.50mm,1,100uF 16V,
"C2, C20, C21, C22, C23, C24, C25, C26, C29, C32, C33, C34, C35, C39, C41, C45, C46, C47, C49, C52, C53, C56, C58, C59, C63, C64, C65, C66, C67, C68, C69, C71, C72, C73, C74, C75, C76, C77, C78, C79, C80, C81, C82, C83, C84, C85, C86, C87, C88, C89",C_Disc_D4.3mm_W1.9mm_P5.00mm,50,100nF,
"C43, C61",C_Disc_D4.3mm_W1.9mm_P5.00mm,2,100pF,
"C48, C57",C_Disc_D4.3mm_W1.9mm_P5.00mm,2,1nF,
C50,C_Disc_D4.3mm_W1.9mm_P5.00mm,1,2.7nF,
C60,C_Disc_D4.3mm_W1.9mm_P5.00mm,1,47pF,
C70,CP_Radial_D5.0mm_P2.50mm,1,22uF 16V,
CN3,PinHeader_1x20_P2.54mm_Vertical,1,Head_1x20 RA Gold,
CR4,D_DO-41_SOD81_P12.70mm_Horizontal,1,1N4001,
"CR5, CR6, CR7, CR8",D_DO-34_SOD68_P10.16mm_Horizontal,4,1N4148,
J11,BarrelJack_Kycon_KLDX-0202-xC_Horizontal,1,BarrelJack,
"J13, J14, J18",PinHeader_1x02_P2.54mm_Vertical,3,Head_1x02,
J2,J2 - VIDEO OUT,1,DIN-5_180degree,
J20,PinHeader_2x20_P2.54mm_Even_Odd_Vertical,1,Head_2x20 Gold,
J21,PinHeader_2x02_P2.54mm_Vertical,1,Head_2x02 Gold,
J3,J3 - CASSETTE,1,DIN-5_180degree,
"JP21, JP27",PinHeader_1x03_P2.54mm_Vertical,2,Head_1x03,
K1,Relay_SPDT_Omron_G5V-1,1,G5V-1,
Q1,TO-92L_Inline,1,2SC1815,
Q2,TO-92L_Inline,1,2SA1015,
"R1, R32",R_Axial_DIN0207_L6.3mm_D2.5mm_P10.16mm_Horizontal,2,100R,
R10,R_Axial_DIN0207_L6.3mm_D2.5mm_P10.16mm_Horizontal,1,270R,
"R11, R31, R34, R49",R_Axial_DIN0207_L6.3mm_D2.5mm_P10.16mm_Horizontal,4,10K,
R2,R_Axial_DIN0207_L6.3mm_D2.5mm_P10.16mm_Horizontal,1,1K2,
"R3, R4",R_Axial_DIN0207_L6.3mm_D2.5mm_P10.16mm_Horizontal,2,7K5,
"R33, R51",R_Axial_DIN0207_L6.3mm_D2.5mm_P10.16mm_Horizontal,2,1M,
R35,R_Axial_DIN0207_L6.3mm_D2.5mm_P10.16mm_Horizontal,1,680K,
R36,R_Axial_DIN0207_L6.3mm_D2.5mm_P10.16mm_Horizontal,1,1M8,
R37,R_Axial_DIN0309_L9.0mm_D3.2mm_P15.24mm_Horizontal,1,220R 1/2W,
"R38, R42",R_Axial_DIN0207_L6.3mm_D2.5mm_P10.16mm_Horizontal,2,360K,
R39,R_Axial_DIN0207_L6.3mm_D2.5mm_P10.16mm_Horizontal,1,10R,
"R41, R55, R77, R80",R_Axial_DIN0207_L6.3mm_D2.5mm_P10.16mm_Horizontal,4,4K7,
R43,R_Axial_DIN0207_L6.3mm_D2.5mm_P10.16mm_Horizontal,1,560K,
"R44, R45, R46, R47, R50",R_Axial_DIN0207_L6.3mm_D2.5mm_P10.16mm_Horizontal,5,470K,
R5,R_Axial_DIN0207_L6.3mm_D2.5mm_P10.16mm_Horizontal,1,220K,
"R52, R53",R_Axial_DIN0207_L6.3mm_D2.5mm_P10.16mm_Horizontal,2,8K2,
"R56, R57",R_Axial_DIN0207_L6.3mm_D2.5mm_P10.16mm_Horizontal,2,910R,
R6,R_Axial_DIN0207_L6.3mm_D2.5mm_P10.16mm_Horizontal,1,75R,
R7,R_Axial_DIN0207_L6.3mm_D2.5mm_P10.16mm_Horizontal,1,47R,
"R75, R8",R_Axial_DIN0207_L6.3mm_D2.5mm_P10.16mm_Horizontal,2,330R,
R9,R_Axial_DIN0207_L6.3mm_D2.5mm_P10.16mm_Horizontal,1,120R,
RN1,R_Array_SIP9,1,4K7 (8 array),
RN2,R_Array_SIP5,1,4K7 (4 array),
SW1,472131020421,1,SW_Power,
SW10,SW_DIP_SPSTx04_Slide_6.7x11.72mm_W7.62mm_P2.54mm_LowProfile,1,SW_DIP_x04,
SW2,SW_Push_1P2T_Vertical_E-Switch_800UDP8P1A1M6,1,SW_Reset,C3315697
"TP1, TP2, TP3",TestPoint_THTPad_1.0x1.0mm_Drill0.5mm,3,TestPoint,
"U1, Z51, Z52",DIP-14_W7.62mm,3,74HCT08,
U11,DIP-20_W7.62mm,1,74HCT273,
U15,DIP-32_W15.24mm_Socket,1,AS6C1008-55PCN,
U2,DIP-14_W7.62mm,1,74HCT125,
"U24, Z49, Z68",DIP-20_W7.62mm,3,74HCT244,
"U37, U42",DIP-28_W15.24mm_Socket,2,28C256,
"U46, Z32",DIP-14_W7.62mm,2,74HCT00,
U7,DIP-14_W7.62mm,1,74HCT393,
"Z10, Z9",DIP-18_W7.62mm_Socket,2,uPD2114LC,
"Z12, Z23",DIP-20_W7.62mm,2,74HCT245,
Z25,DIP-14_W7.62mm,1,LM3900N,
Z26,DIP-14_W7.62mm,1,74HCT14,
"Z27, Z29, Z36, Z8",DIP-16_W7.62mm,4,74HCT157,
Z3,DIP-8_W7.62mm,1,SN75452,
"Z31, Z47",DIP-14_W7.62mm,2,74HCT132,
Z33,DIP-14_W7.62mm,1,74HCT04,
"Z34, Z35",DIP-14_W7.62mm,2,74HCT93,
"Z4, Z56",DIP-16_W7.62mm,2,74HCT175,
"Z40, Z64, Z67",DIP-14_W7.62mm,3,74HCT32,
Z41,DIP-14_W7.62mm,1,74HCT30,
"Z45, Z54",DIP-14_W7.62mm,2,74HCT02,
Z48,DIP-40_W15.24mm_Socket,1,Z84C00-CPU,
Z5,DIP-14_W7.62mm,1,74HCT10,
Z50,DIP-14_W7.62mm,1,SN7404N,
"Z53, Z63",DIP-14_W7.62mm,2,74HCT74,
Z57,DIP-16_W7.62mm,1,74HCT166,
"Z59, Z66",DIP-16_W7.62mm,2,74HCT367,
"Z6, Z65",DIP-14_W7.62mm,2,74LS92,
Z60,DIP-14_W7.62mm,1,74HCT11,
Z61,DIP-16_W7.62mm,1,74HCT139,
