﻿pos_x,pos_y,rotation,side,designator,mpn,pack,footprint,value,mount_type
86.0,-49.15,90.0,top,C1,,,C_Disc_D3.0mm_W2.0mm_P2.50mm,100nF,tht
96.5,-49.15,180.0,top,C2,,,C_Disc_D3.0mm_W2.0mm_P2.50mm,100nF,tht
89.9,-26.35,-90.0,top,C3,,,C_Disc_D3.0mm_W2.0mm_P2.50mm,100nF,tht
122.2,-39.9,-90.0,top,C4,,,C_Disc_D3.0mm_W2.0mm_P2.50mm,100nF,tht
101.65,-42.6,0.0,top,J1,,,DIP-32_W15.24mm,SOCKET,tht
96.1,-39.25,0.0,top,J2,,,PinHeader_1x03_P2.54mm_Vertical,Conn_01x03,tht
104.35,-40.05,0.0,top,U1,,,DIP-32_W15.24mm,AS6C4008-55PCN,tht
93.08,-33.95,90.0,top,U2,,,DIP-24_W7.62mm_Socket,PAL24,tht
75.93,-49.18,0.0,top,U3,,,DIP-16_W7.62mm,74LS174,tht
88.88,-52.17,0.0,top,U4,,,DIP-20_W7.62mm,74HCT244,tht
