﻿Designator,Quantity,Value,Footprint,Package,MPN,DNP,Mount_Type,Description,MP,MN,Sim.Device,Sim.Pins,LCSC,Description_1,Price,SnapEDA_Link,Availability,Check_prices
"C1, C10, C12, C4, C89, C90, C91, C92, C93, C94, C95, C96, C97, C98, C99",15,10uF 16V,CP_Radial_D5.0mm_P2.50mm,,,,tht,Polarized capacitor,ECA-1CM100I,Panasonic Electronic Components,,,,,,,,
C11,1,3300uF 16V,CP_Radial_D12.5mm_P5.00mm,,,,tht,Polarized capacitor,EEU-FC1C332,Panasonic Electronic Components,,,,,,,,
"C13, C3",2,10nF,C_Disc_D4.3mm_W1.9mm_P5.00mm,,,,tht,Unpolarized capacitor,SR211C103KAR,KYOCERA AVX,,,,,,,,
"C17, C18",2,220pF,C_Disc_D4.3mm_W1.9mm_P5.00mm,,,,tht,Unpolarized capacitor,SR211A221JAR,KYOCERA AVX,,,,,,,,
C19,1,100uF 16V,CP_Radial_D5.0mm_P2.50mm,,,,tht,Polarized capacitor,ECA1CM101I,Panasonic Electronic Components,,,,,,,,
"C2, C20, C21, C22, C23, C24, C25, C26, C27, C28, C29, C30, C31, C32, C33, C34, C35, C36, C37, C38, C39, C41, C44, C45, C46, C47, C51, C52, C53, C54, C55, C56, C58, C59, C63, C64, C65, C66, C67, C68, C69, C71, C72, C73, C74, C75",46,100nF,C_Disc_D4.3mm_W1.9mm_P5.00mm,,,,tht,Unpolarized capacitor,SR211C104KAR,KYOCERA AVX,,,,,,,,
C43,1,100pF,C_Disc_D4.3mm_W1.9mm_P5.00mm,,,,tht,Unpolarized capacitor,SR211A101JAR,KYOCERA AVX,,,,,,,,
"C48, C57",2,1nF,C_Disc_D4.3mm_W1.9mm_P5.00mm,,,,tht,Unpolarized capacitor,SR211A102JAR,KYOCERA AVX,,,,,,,,
"C5, C6",2,1nF 5% COG,C_Disc_D4.3mm_W1.9mm_P5.00mm,,,,tht,Unpolarized capacitor,SR211A102JAR,KYOCERA AVX,,,,,,,,
C50,1,2.7nF,C_Disc_D4.3mm_W1.9mm_P5.00mm,,,,tht,Unpolarized capacitor,SR211A272JAR,KYOCERA AVX,,,,,,,,
"C60, C61",2,33pF,C_Disc_D4.3mm_W1.9mm_P5.00mm,,,,tht,Unpolarized capacitor,SR211A330JAR,KYOCERA AVX,,,,,,,,
C7,1,1000nF,C_Disc_D4.3mm_W1.9mm_P5.00mm,,,,tht,Unpolarized capacitor,SR215C105KAR,KYOCERA AVX,,,,,,,,
C8,1,100nF 5% COG,C_Disc_D4.3mm_W1.9mm_P5.00mm,,,,tht,Unpolarized capacitor,SR215C104JAR,KYOCERA AVX,,,,,,,,
C9,1,22uF 16V,CP_Radial_D5.0mm_P2.50mm,,,,tht,Polarized capacitor,ECA1CM220I,Panasonic Electronic Components,,,,,,,,
CN3,1,Head_1x20 RA Gold,PinHeader_1x20_P2.54mm_Vertical,,,,tht,1x20 Pin Header for Main Keyboard,TSW-120-08-G-S-RA,Samtec Inc.,,,,,,,,
CR4,1,1N4001,D_DO-41_SOD81_P12.70mm_Horizontal,,,,tht,Rectifier Diode,1N4001,Diotec Semiconductor,D,1=K 2=A,,,,,,
"CR5, CR6, CR7, CR8",4,1N4148,D_DO-34_SOD68_P10.16mm_Horizontal,,,,tht,Small Signal Diode,1N4148,Diotec Semiconductor,D,1=K 2=A,,,,,,
D1,1,LED,LED_D3.0mm_Horizontal_O3.81mm_Z2.0mm,,,,tht,LED - Power Indicator,?,?,,1=K 2=A,,,,,,
J11,1,BarrelJack,BarrelJack_Kycon_KLDX-0202-xC_Horizontal,,,,tht,DC Barrel Jack for main Input Power,KLDX-0202-A,"Kycon, Inc.",,,,,,,,
J2,1,DIN-5_180degree,J2 - VIDEO OUT,,,,tht,5-pin DIN connector for Video,KCDX-5S-N2,"Kycon, Inc.",,,,,,,,
J20,1,Head_2x20 Gold,PinHeader_2x20_P2.54mm_Even_Odd_Vertical,,,,tht,2x20 Pin Header for Expansion Interface,TSW-120-07-G-D,Samtec Inc.,,,,,,,,
J21,1,Head_2x02 Gold,PinHeader_2x02_P2.54mm_Vertical,,,,tht,2x02 Pin Header for Expansion Power,TSW-102-07-T-D,Samtec Inc.,,,,,,,,
J3,1,DIN-5_180degree,J3 - CASSETTE,,,,tht,5-pin DIN connector for Casette,KCDX-5S-N2,"Kycon, Inc.",,,,,,,,
"J8, JP18",2,Head_1x02,PinHeader_1x02_P2.54mm_Vertical,,,,tht,[J8]1x02 Pin Header for Audio Speaker; [JP18]1x02 Pin Header for CPU Speed Normal,TSW-102-07-T-S,Samtec Inc.,,,,,,,,
J9,1,Head_2x05,PinHeader_2x05_P2.54mm_Vertical,,,,tht,2x05 Pin Header for Joystick,TSW-105-07-T-D,Samtec Inc.,,,,,,,,
"JP21, JP27",2,Head_1x03,PinHeader_1x03_P2.54mm_Vertical,,,,tht,[JP21]1x03 Pin Header for Rom Type Pin 1 (A14); [JP27]1x03 Pin Header for Rom Type Pin 21 (A15/WE),TSW-103-07-T-S,Samtec Inc.,,,,,,,,
K1,1,G5V-1,Relay_SPDT_Omron_G5V-1,,,,tht,"Ultra-miniature, Highly Sensitive SPDT Relay for Signal Circuits",G5V-1-T90 DC5,Omron Electronics Inc-EMC Div,,,C152707,,,,,
Q1,1,2SC1815,TO-92L_Inline,,,,tht,"0.15A Ic, 50V Vce, Low Noise Audio NPN Transistor, TO-92",2SC1815 PBFREE,Central Semiconductor Corp,,,,,,,,
Q2,1,2SA1015,TO-92L_Inline,,,,tht,"-0.15A Ic, -50V Vce, Low Noise Audio PNP Transistor, TO-92",2SA1015-B,"Shenzhen Slkormicro Semicon Co., Ltd.",,,,,,,,
"R1, R28, R30",3,100R,R_Axial_DIN0207_L6.3mm_D2.5mm_P10.16mm_Horizontal,,,,tht,Resistor,MFR-25FBF52-100R,YAGEO,,,,,,,,
R10,1,270R,R_Axial_DIN0207_L6.3mm_D2.5mm_P10.16mm_Horizontal,,,,tht,Resistor,MFR-25FBF52-270R,YAGEO,,,,,,,,
"R11, R34",2,10K,R_Axial_DIN0207_L6.3mm_D2.5mm_P10.16mm_Horizontal,,,,tht,Resistor,MFR-25FBF52-10K,YAGEO,,,,,,,,
"R13, R29, R8",3,330R,R_Axial_DIN0207_L6.3mm_D2.5mm_P10.16mm_Horizontal,,,,tht,Resistor,MFR-25FBF52-330R,YAGEO,,,,,,,,
R16,1,62K,R_Axial_DIN0207_L6.3mm_D2.5mm_P10.16mm_Horizontal,,,,tht,Resistor,MFR-25FBF52-62K,YAGEO,,,,,,,,
"R17, R3, R4",3,7K5,R_Axial_DIN0207_L6.3mm_D2.5mm_P10.16mm_Horizontal,,,,tht,Resistor,MFR-25FBF52-7K5,YAGEO,,,,,,,,
R18,1,24K,R_Axial_DIN0207_L6.3mm_D2.5mm_P10.16mm_Horizontal,,,,tht,Resistor,MFR-25FBF52-24K,YAGEO,,,,,,,,
R19,1,4K3,R_Axial_DIN0207_L6.3mm_D2.5mm_P10.16mm_Horizontal,,,,tht,Resistor,MFR-25FBF52-4K3,YAGEO,,,,,,,,
R2,1,200R,R_Axial_DIN0207_L6.3mm_D2.5mm_P10.16mm_Horizontal,,,,tht,Resistor,MFR-25FBF52-200R,YAGEO,,,,,,,,
R25,1,2M2,R_Axial_DIN0207_L6.3mm_D2.5mm_P10.16mm_Horizontal,,,,tht,Resistor,MFR-25FBF52-2M2,YAGEO,,,,,,,,
R26,1,1K,R_Axial_DIN0207_L6.3mm_D2.5mm_P10.16mm_Horizontal,,,,tht,Resistor,MFR-25FBF52-1K,YAGEO,,,,,,,,
R27,1,4K7,R_Axial_DIN0207_L6.3mm_D2.5mm_P10.16mm_Horizontal,,,,tht,Resistor,MFR-25FBF52-4K7,YAGEO,,,,,,,,
"R33, R51",2,1M,R_Axial_DIN0207_L6.3mm_D2.5mm_P10.16mm_Horizontal,,,,tht,Resistor,MFR-25FBF52-1M,YAGEO,,,,,,,,
R35,1,680K,R_Axial_DIN0207_L6.3mm_D2.5mm_P10.16mm_Horizontal,,,,tht,Resistor,MFR-25FBF52-680K,YAGEO,,,,,,,,
R36,1,1M8,R_Axial_DIN0207_L6.3mm_D2.5mm_P10.16mm_Horizontal,,,,tht,Resistor,MFR-25FBF52-1M8,YAGEO,,,,,,,,
R37,1,220R 1/2W,R_Axial_DIN0309_L9.0mm_D3.2mm_P15.24mm_Horizontal,,,,tht,Resistor,MFR-50FRF52-220R,YAGEO,,,,,,,,
"R38, R42",2,360K,R_Axial_DIN0207_L6.3mm_D2.5mm_P10.16mm_Horizontal,,,,tht,Resistor,MFR-25FBF52-360K,YAGEO,,,,,,,,
R39,1,10R,R_Axial_DIN0207_L6.3mm_D2.5mm_P10.16mm_Horizontal,,,,tht,Resistor,MFR-25FBF52-10R,YAGEO,,,,,,,,
R43,1,560K,R_Axial_DIN0207_L6.3mm_D2.5mm_P10.16mm_Horizontal,,,,tht,Resistor,MFR-25FBF52-560K,YAGEO,,,,,,,,
"R44, R45, R46, R47, R50",5,470K,R_Axial_DIN0207_L6.3mm_D2.5mm_P10.16mm_Horizontal,,,,tht,Resistor,MFR-25FBF52-470K,YAGEO,,,,,,,,
R5,1,220K,R_Axial_DIN0207_L6.3mm_D2.5mm_P10.16mm_Horizontal,,,,tht,Resistor,MFR-25FBF52-220K,YAGEO,,,,,,,,
"R52, R53",2,8K2,R_Axial_DIN0207_L6.3mm_D2.5mm_P10.16mm_Horizontal,,,,tht,Resistor,MFR-25FBF52-8K2,YAGEO,,,,,,,,
R6,1,75R,R_Axial_DIN0207_L6.3mm_D2.5mm_P10.16mm_Horizontal,,,,tht,Resistor,MFR-25FBF52-75R,YAGEO,,,,,,,,
R7,1,47R,R_Axial_DIN0207_L6.3mm_D2.5mm_P10.16mm_Horizontal,,,,tht,Resistor,MFR-25FBF52-47R,YAGEO,,,,,,,,
R9,1,120R,R_Axial_DIN0207_L6.3mm_D2.5mm_P10.16mm_Horizontal,,,,tht,Resistor,MFR-25FBF52-120R,YAGEO,,,,,,,,
"RN1, RN5, RN8, RN9",4,4K7 (8 array),R_Array_SIP9,,,,tht,"8 resistor network, star topology, bussed resistors, small symbol",4609X-101-472LF,Bourns Inc.,,,,,,,,
"RN10, RN4",2,4K7 (6 array),R_Array_SIP7,,,,tht,"6 resistor network, star topology, bussed resistors, small symbol",4607X-101-472LF,Bourns Inc.,,,,,,,,
"RN11, RN2, RN6, RN7",4,4K7 (4 array),R_Array_SIP5,,,,tht,"4 resistor network, star topology, bussed resistors, small symbol",4605X-101-472LF,Bourns Inc.,,,,,,,,
RN3,1,10K (4 array),R_Array_SIP5,,,,tht,"4 resistor network, star topology, bussed resistors, small symbol",4605X-101-103LF,Bourns Inc.,,,,,,,,
RV2,1,1K,Potentiometer_Bourns_3296W_Vertical,,,,tht,Potentiometer,3296W-1-102LF,Bourns Inc.,,,,,,,,
RV4,1,20K,Potentiometer_Bourns_3296W_Vertical,,,,tht,Potentiometer,3296W-1-203LF,Bourns Inc.,,,,,,,,
RV5,1,10K,Potentiometer_Bourns_3296W_Vertical,,,,tht,Potentiometer,3296W-1-103LF,Bourns Inc.,,,,,,,,
SW1,1,SW_Power,472131020421,None,,,tht,,100AWDP1T1B4M6QE,E-Switch,,,C6382074,"1A /30VDC, 6.35mm cut out,  DPDT ON-ON , 6.7mm round actuator , 7.1mm non-threaded keyway bushing, right angle, THT, silver, Tray",None,https://www.snapeda.com/parts/472131020421/Wurth+Electronics/view-part/?ref=snap,Not in stock,https://www.snapeda.com/parts/472131020421/Wurth+Electronics/view-part/?ref=eda
SW10,1,SW_DIP_x04,SW_DIP_SPSTx04_Slide_6.7x11.72mm_W7.62mm_P2.54mm_LowProfile,,,,tht,"4x DIP Switch, Single Pole Single Throw (SPST) switch, small symbol",DS04-254-1L-04BK,Same Sky,,,,,,,,
SW2,1,SW_Reset,SW_Push_1P2T_Vertical_E-Switch_800UDP8P1A1M6,,,,tht,"Switch, single pole double throw",800SP8B6M6RE,E-Switch,,,C3315697,,,,,
SW9,1,SW_ResetHard,SW_PUSH_6mm,,,,tht,"Push button switch, generic, two pins",TL1105F160Q,E-Switch,,,,,,,,
TP100,1,TestPoint,TestPoint_THTPad_D2.5mm_Drill1.2mm,,,,tht,test point,,,,,,,,,,
U11,1,74HCT365,DIP-16_W7.62mm,,,,tht,"Hex Bus Driver, 3-State Outputs",CD74HCT365E,TI,,,C2860573,,,,,
U12,1,74HCT138,DIP-16_W7.62mm,,,,tht,"3-to-8 line decoder/multiplexer inverting, DIP-16/SOIC-16/SSOP-16",CD74HCT138E,TI,,,,,,,,
U15,1,AS6C1008-55PCN,DIP-32_W15.24mm_Socket,,,,tht,"1-Mbit (128K X 8-bit) Low Power CMOS SRAM, single 2.7V ~ 5.5V power supply, 55ns, DIP-32",AS6C1008-55PCN,"Alliance Memory, Inc.",,,C1523885,,,,,
"U16, U37",2,28C256,DIP-28_W15.24mm_Socket,,,,tht,"Paged Parallel EEPROM 256Kb (32K x 8), DIP-28/SOIC-28",AT28C256-15PU,Microchip Technology,,,C1348752,,,,,
U23,1,74HCT245,DIP-20_W7.62mm,,,,tht,"Octal BUS Transceivers, 3-State outputs",SN74HCT245N,TI,,,C133640,,,,,
"U24, U49, U68",3,74HCT244,DIP-20_W7.62mm,,,,tht,"Octal Buffer and Line Driver With 3-State Output, active-low enables, non-inverting outputs",SN74HCT244N,TI,,,C347587,,,,,
U25,1,LM3900N,DIP-14_W7.62mm,,,,tht,"NORTON, Quad-Operational Amplifiers, DIP-14/SOIC-14/SSOP-14",LM3900N,TI,,,C354091,,,,,
U26,1,74HCT14,DIP-14_W7.62mm,,,,tht,Hex inverter schmitt trigger,SN74HCT14N,TI,,,C352959,,,,,
U27,1,74HCT157,DIP-16_W7.62mm,,,,tht,Quad 2 to 1 line Multiplexer,SN74HCT157N,TI,,,C1547094,,,,,
U3,1,SN75452,DIP-8_W7.62mm,,,,tht,"Dual-Peripheral Drivers for High-Current, High-Speed Switching",SN75452BP,TI,,,C45388,,,,,
"U31, U47",2,74HCT132,DIP-14_W7.62mm,,,,tht,Quad 2-input NAND Schmitt trigger,CD74HCT132E,TI,,,C2864081,,,,,
U32,1,74HCT86,DIP-14_W7.62mm,,,,tht,Quad 2-input XOR,CD74HCT86E,TI,,,C2860012,,,,,
"U34, U35",2,74HCT93,DIP-14_W7.62mm,,,,tht,Divide by 2 & 8 counter,CD74HCT93E,TI,,,C2879091,,,,,
U38,1,74HCT273,DIP-20_W7.62mm,,,,tht,"8-bit D Flip-Flop, reset",SN74HCT273N,TI,,,C1523188,,,,,
U4,1,74HCT175,DIP-16_W7.62mm,,,,tht,"4-bit D Flip-Flop, reset",CD74HCT175E,TI,,,C2879062,,,,,
U40,1,74HCT11,DIP-14_W7.62mm,,,,tht,Triple 3-input AND,CD74HCT11E,TI,,,C2867788,,,,,
U41,1,74HCT30,DIP-14_W7.62mm,,,,tht,8-input NAND,CD74HCT30E,TI,,,C2869653,,,,,
U42,1,74HCT139,DIP-16_W7.62mm,,,,tht,"Dual Decoder 1 of 4, Active low outputs",SN74HCT139N,TI,,,C1547110,,,,,
U43,1,74HCT125,DIP-14_W7.62mm,,,,tht,Quad buffer 3-State outputs,SN74HCT125N,TI,,,C154102,,,,,
U44,1,74HCT08,DIP-14_W7.62mm,,,,tht,Quad And2,SN74HCT08N,TI,,,C273646,,,,,
"U45, U54",2,74HCT02,DIP-14_W7.62mm,,,,tht,quad 2-input NOR gate,SN74HCT02N,TI,,,C354417,,,,,
U46,1,74HCT00,DIP-14_W7.62mm,,,,tht,quad 2-input NAND gate,SN74HCT00N,TI,,,C354416,,,,,
U48,1,Z80-CPU,DIP-40_W15.24mm_Socket,,,,tht,"8-bit General Purpose Microprocessor, 8-bit data bus, 16-bit address bus, 4 / 6.17 / 8 MHz, DIP-40 (600 mil)",Z84C0006PEG,ZILOG,,,,,,,,
U5,1,74HCT10,DIP-14_W7.62mm,,,,tht,Triple 3-input NAND,CD74HCT10E,TI,,,C2862275,,,,,
"U50, U51",2,74HCT221,DIP-16_W7.62mm,,,,tht,Dual Monostable,CD74HCT221E,TI,,,C3236200,,,,,
"U53, U63",2,74HCT74,DIP-14_W7.62mm,,,,tht,"Dual D Flip-flop, Set & Reset",CD74HCT74E,TI,,,C1523192,,,,,
U57,1,74HCT166,DIP-16_W7.62mm,,,,tht,"Shift Register 8-bit, parallel load",CD74HCT166E,TI,,,C2861753,,,,,
"U59, U66",2,74HCT367,DIP-16_W7.62mm,,,,tht,Hex Bus Driver 3-state outputs,CD74HCT367E,TI,,,C1548354,,,,,
"U6, U64",2,74LS92,DIP-14_W7.62mm,,,,tht,Divide by 12 counter,SN74LS92N,TI,,,C129174,,,,,
U60,1,74HCU04,DIP-14_W7.62mm,,,,tht,Hex Inverter,SN74HCU04N,TI,,,C2867641,,,,,
"U62, U65, U67",3,74HCT32,DIP-14_W7.62mm,,,,tht,Quad 2-input OR,CD74HCT32E,TI,,,C2867734,,,,,
U7,1,74HCT393,DIP-14_W7.62mm,,,,tht,Dual BCD 4-bit counter,CD74HCT393E,TI,,,C1523312,,,,,
U9,1,CY7C130-55PC,DIP-48_W15.24mm_Socket,,,,tht,1K dual port SRAM or IDT7130LA55P,CY7C130-55PC,Cypress,,,C2955198,,,,,
Y1,1,10.6445MHz,Crystal_HC49-U_Horizontal,,,,tht,Two pin crystal,10.6445Mhz,QuartzCrystal,,,-,,,,,
