﻿pos_x,pos_y,rotation,side,designator,mpn,pack,footprint,value,mount_type
12.3,120.2,0.0,top,C1,,,CP_Radial_D5.0mm_P2.50mm,10uF 16V,tht
311.9,77.3,90.0,top,C10,,,CP_Radial_D5.0mm_P2.50mm,10uF 16V,tht
106.223959,136.0,-90.0,top,C12,,,CP_Radial_D5.0mm_P2.50mm,10uF 16V,tht
99.9,133.3,90.0,top,C13,,,C_Disc_D4.3mm_W1.9mm_P5.00mm,10nF,tht
13.0,141.7,-90.0,top,C17,,,C_Disc_D4.3mm_W1.9mm_P5.00mm,220pF,tht
20.6,100.8,180.0,top,C18,,,C_Disc_D4.3mm_W1.9mm_P5.00mm,220pF,tht
33.205113,98.8,0.0,top,C19,,,CP_Radial_D5.0mm_P2.50mm,100uF 16V,tht
20.2,162.0,0.0,top,C2,,,C_Disc_D4.3mm_W1.9mm_P5.00mm,100nF,tht
37.222284,116.025906,90.0,top,C20,,,C_Disc_D4.3mm_W1.9mm_P5.00mm,100nF,tht
51.198012,116.022438,90.0,top,C21,,,C_Disc_D4.3mm_W1.9mm_P5.00mm,100nF,tht
66.961974,116.522417,90.0,top,C22,,,C_Disc_D4.3mm_W1.9mm_P5.00mm,100nF,tht
79.182487,124.0,180.0,top,C23,,,C_Disc_D4.3mm_W1.9mm_P5.00mm,100nF,tht
89.3,124.0,0.0,top,C24,,,C_Disc_D4.3mm_W1.9mm_P5.00mm,100nF,tht
185.6,111.8,90.0,top,C25,,,C_Disc_D4.3mm_W1.9mm_P5.00mm,100nF,tht
191.94,123.5,90.0,top,C26,,,C_Disc_D4.3mm_W1.9mm_P5.00mm,100nF,tht
217.34,123.4,90.0,top,C27,,,C_Disc_D4.3mm_W1.9mm_P5.00mm,100nF,tht
271.1,131.6,-90.0,top,C28,,,C_Disc_D4.3mm_W1.9mm_P5.00mm,100nF,tht
309.9,122.6,180.0,top,C29,,,C_Disc_D4.3mm_W1.9mm_P5.00mm,100nF,tht
38.2,151.8,-90.0,top,C3,,,C_Disc_D4.3mm_W1.9mm_P5.00mm,10nF,tht
332.2,99.2,90.0,top,C30,,,C_Disc_D4.3mm_W1.9mm_P5.00mm,100nF,tht
362.9,96.7,90.0,top,C31,,,C_Disc_D4.3mm_W1.9mm_P5.00mm,100nF,tht
63.8,101.7,-90.0,top,C32,,,C_Disc_D4.3mm_W1.9mm_P5.00mm,100nF,tht
79.2,101.5,-90.0,top,C33,,,C_Disc_D4.3mm_W1.9mm_P5.00mm,100nF,tht
36.4,60.2,90.0,top,C34,,,C_Disc_D4.3mm_W1.9mm_P5.00mm,100nF,tht
48.7,73.6,-90.0,top,C35,,,C_Disc_D4.3mm_W1.9mm_P5.00mm,100nF,tht
71.8,71.9,-90.0,top,C36,,,C_Disc_D4.3mm_W1.9mm_P5.00mm,100nF,tht
86.8,73.2,-90.0,top,C37,,,C_Disc_D4.3mm_W1.9mm_P5.00mm,100nF,tht
111.9,86.6,0.0,top,C38,,,C_Disc_D4.3mm_W1.9mm_P5.00mm,100nF,tht
135.2,78.3,-90.0,top,C39,,,C_Disc_D4.3mm_W1.9mm_P5.00mm,100nF,tht
42.8,150.4,-90.0,top,C4,,,CP_Radial_D5.0mm_P2.50mm,10uF 16V,tht
42.2,78.2,0.0,top,C41,,,C_Disc_D4.3mm_W1.9mm_P5.00mm,100nF,tht
43.2,134.0,180.0,top,C43,,,C_Disc_D4.3mm_W1.9mm_P5.00mm,100pF,tht
206.7,83.0,-90.0,top,C44,,,C_Disc_D4.3mm_W1.9mm_P5.00mm,100nF,tht
219.6,59.1,90.0,top,C45,,,C_Disc_D4.3mm_W1.9mm_P5.00mm,100nF,tht
236.4,59.2,90.0,top,C46,,,C_Disc_D4.3mm_W1.9mm_P5.00mm,100nF,tht
253.0,60.0,90.0,top,C47,,,C_Disc_D4.3mm_W1.9mm_P5.00mm,100nF,tht
31.208763,71.212542,180.0,top,C48,,,C_Disc_D4.3mm_W1.9mm_P5.00mm,1nF,tht
52.2,34.6,-90.0,top,C5,,,C_Disc_D4.3mm_W1.9mm_P5.00mm,1nF 5% COG,tht
38.5,71.2,180.0,top,C50,,,C_Disc_D4.3mm_W1.9mm_P5.00mm,2.7nF,tht
267.2,59.0,90.0,top,C51,,,C_Disc_D4.3mm_W1.9mm_P5.00mm,100nF,tht
281.7,64.3,90.0,top,C52,,,C_Disc_D4.3mm_W1.9mm_P5.00mm,100nF,tht
296.7,64.0,90.0,top,C53,,,C_Disc_D4.3mm_W1.9mm_P5.00mm,100nF,tht
313.7,62.6,90.0,top,C54,,,C_Disc_D4.3mm_W1.9mm_P5.00mm,100nF,tht
349.7,78.2,0.0,top,C55,,,C_Disc_D4.3mm_W1.9mm_P5.00mm,100nF,tht
49.0,45.2,-90.0,top,C56,,,C_Disc_D4.3mm_W1.9mm_P5.00mm,100nF,tht
282.6,56.3,-90.0,top,C57,,,C_Disc_D4.3mm_W1.9mm_P5.00mm,1nF,tht
65.2,45.3,-90.0,top,C58,,,C_Disc_D4.3mm_W1.9mm_P5.00mm,100nF,tht
79.2,45.3,-90.0,top,C59,,,C_Disc_D4.3mm_W1.9mm_P5.00mm,100nF,tht
38.3,22.0,90.0,top,C6,,,C_Disc_D4.3mm_W1.9mm_P5.00mm,1nF 5% COG,tht
194.2,24.7,-90.0,top,C60,,,C_Disc_D4.3mm_W1.9mm_P5.00mm,33pF,tht
194.2,16.3,-90.0,top,C61,,,C_Disc_D4.3mm_W1.9mm_P5.00mm,33pF,tht
98.0,32.2,90.0,top,C63,,,C_Disc_D4.3mm_W1.9mm_P5.00mm,100nF,tht
112.6,32.3,90.0,top,C64,,,C_Disc_D4.3mm_W1.9mm_P5.00mm,100nF,tht
181.7,35.2,90.0,top,C65,,,C_Disc_D4.3mm_W1.9mm_P5.00mm,100nF,tht
215.5,34.6,90.0,top,C66,,,C_Disc_D4.3mm_W1.9mm_P5.00mm,100nF,tht
236.2,34.8,90.0,top,C67,,,C_Disc_D4.3mm_W1.9mm_P5.00mm,100nF,tht
251.2,34.8,90.0,top,C68,,,C_Disc_D4.3mm_W1.9mm_P5.00mm,100nF,tht
254.4,24.3,90.0,top,C69,,,C_Disc_D4.3mm_W1.9mm_P5.00mm,100nF,tht
67.38,34.6,-90.0,top,C7,,,C_Disc_D4.3mm_W1.9mm_P5.00mm,1000nF,tht
278.7,47.7,-90.0,top,C71,,,C_Disc_D4.3mm_W1.9mm_P5.00mm,100nF,tht
294.0,48.0,-90.0,top,C72,,,C_Disc_D4.3mm_W1.9mm_P5.00mm,100nF,tht
312.8,35.0,90.0,top,C73,,,C_Disc_D4.3mm_W1.9mm_P5.00mm,100nF,tht
316.6,35.0,90.0,top,C74,,,C_Disc_D4.3mm_W1.9mm_P5.00mm,100nF,tht
346.0,49.0,0.0,top,C75,,,C_Disc_D4.3mm_W1.9mm_P5.00mm,100nF,tht
54.8,21.98,90.0,top,C8,,,C_Disc_D4.3mm_W1.9mm_P5.00mm,100nF 5% COG,tht
49.7,96.594887,90.0,top,C89,,,CP_Radial_D5.0mm_P2.50mm,10uF 16V,tht
305.5,77.3,90.0,top,C9,,,CP_Radial_D5.0mm_P2.50mm,22uF 16V,tht
34.4,40.344887,90.0,top,C90,,,CP_Radial_D5.0mm_P2.50mm,10uF 16V,tht
101.45,97.294887,90.0,top,C91,,,CP_Radial_D5.0mm_P2.50mm,10uF 16V,tht
94.45,70.0,90.0,top,C92,,,CP_Radial_D5.0mm_P2.50mm,10uF 16V,tht
118.6,39.0,0.0,top,C93,,,CP_Radial_D5.0mm_P2.50mm,10uF 16V,tht
186.2,39.955112,-90.0,top,C94,,,CP_Radial_D5.0mm_P2.50mm,10uF 16V,tht
250.994888,70.4,0.0,top,C95,,,CP_Radial_D5.0mm_P2.50mm,10uF 16V,tht
313.5,146.2,0.0,top,C96,,,CP_Radial_D5.0mm_P2.50mm,10uF 16V,tht
311.95,44.294887,90.0,top,C97,,,CP_Radial_D5.0mm_P2.50mm,10uF 16V,tht
392.7,101.544888,90.0,top,C98,,,CP_Radial_D5.0mm_P2.50mm,10uF 16V,tht
399.6,59.0,90.0,top,C99,,,CP_Radial_D5.0mm_P2.50mm,10uF 16V,tht
28.6,161.95,-90.0,top,CR4,,,D_DO-41_SOD81_P12.70mm_Horizontal,1N4001,tht
10.4,84.6,0.0,top,CR5,,,D_DO-34_SOD68_P10.16mm_Horizontal,1N4148,tht
10.37,82.4,0.0,top,CR6,,,D_DO-34_SOD68_P10.16mm_Horizontal,1N4148,tht
37.0,89.0,0.0,top,CR7,,,D_DO-34_SOD68_P10.16mm_Horizontal,1N4148,tht
47.2,86.8,180.0,top,CR8,,,D_DO-34_SOD68_P10.16mm_Horizontal,1N4148,tht
68.05,172.4,-90.0,top,J11,,,BarrelJack_Kycon_KLDX-0202-xC_Horizontal,BarrelJack,tht
16.73,177.3,0.0,top,J3,,,J3 - CASSETTE,DIN-5_180degree,tht
199.92,141.75,90.0,top,J9,,,PinHeader_2x05_P2.54mm_Vertical,Head_2x05,tht
264.8,20.0,90.0,top,JP18,,,PinHeader_1x02_P2.54mm_Vertical,Head_1x02,tht
282.6,127.5,180.0,top,JP21,,,PinHeader_1x03_P2.54mm_Vertical,Head_1x03,tht
286.4,127.5,180.0,top,JP27,,,PinHeader_1x03_P2.54mm_Vertical,Head_1x03,tht
25.2,147.84,180.0,top,K1,,,Relay_SPDT_Omron_G5V-1,G5V-1,tht
39.33,163.2,0.0,top,Q1,,,TO-92L_Inline,2SC1815,tht
40.0,129.2,0.0,top,Q2,,,TO-92L_Inline,2SA1015,tht
16.45,151.92,90.0,top,R1,,,R_Axial_DIN0207_L6.3mm_D2.5mm_P10.16mm_Horizontal,100R,tht
38.2,139.8,0.0,top,R10,,,R_Axial_DIN0207_L6.3mm_D2.5mm_P10.16mm_Horizontal,270R,tht
38.2,136.8,0.0,top,R11,,,R_Axial_DIN0207_L6.3mm_D2.5mm_P10.16mm_Horizontal,10K,tht
76.4,162.92,90.0,top,R13,,,R_Axial_DIN0207_L6.3mm_D2.5mm_P10.16mm_Horizontal,330R,tht
38.17,16.15,0.0,top,R16,,,R_Axial_DIN0207_L6.3mm_D2.5mm_P10.16mm_Horizontal,62K,tht
35.15,16.12,90.0,top,R17,,,R_Axial_DIN0207_L6.3mm_D2.5mm_P10.16mm_Horizontal,7K5,tht
54.82,16.2,0.0,top,R18,,,R_Axial_DIN0207_L6.3mm_D2.5mm_P10.16mm_Horizontal,24K,tht
51.75,16.22,90.0,top,R19,,,R_Axial_DIN0207_L6.3mm_D2.5mm_P10.16mm_Horizontal,4K3,tht
22.2,131.67,90.0,top,R2,,,R_Axial_DIN0207_L6.3mm_D2.5mm_P10.16mm_Horizontal,200R,tht
198.9,34.5,-90.0,top,R25,,,R_Axial_DIN0207_L6.3mm_D2.5mm_P10.16mm_Horizontal,2M2,tht
197.2,11.3,90.0,top,R26,,,R_Axial_DIN0207_L6.3mm_D2.5mm_P10.16mm_Horizontal,1K,tht
251.0,20.0,0.0,top,R27,,,R_Axial_DIN0207_L6.3mm_D2.5mm_P10.16mm_Horizontal,4K7,tht
258.12,73.2,0.0,top,R28,,,R_Axial_DIN0207_L6.3mm_D2.5mm_P10.16mm_Horizontal,100R,tht
298.9,53.5,-90.0,top,R29,,,R_Axial_DIN0207_L6.3mm_D2.5mm_P10.16mm_Horizontal,330R,tht
19.2,141.83,-90.0,top,R3,,,R_Axial_DIN0207_L6.3mm_D2.5mm_P10.16mm_Horizontal,7K5,tht
402.45,161.33,-90.0,top,R30,,,R_Axial_DIN0207_L6.3mm_D2.5mm_P10.16mm_Horizontal,100R,tht
10.6,112.6,0.0,top,R33,,,R_Axial_DIN0207_L6.3mm_D2.5mm_P10.16mm_Horizontal,1M,tht
20.76,115.6,180.0,top,R34,,,R_Axial_DIN0207_L6.3mm_D2.5mm_P10.16mm_Horizontal,10K,tht
20.7,109.6,180.0,top,R35,,,R_Axial_DIN0207_L6.3mm_D2.5mm_P10.16mm_Horizontal,680K,tht
10.52,106.6,0.0,top,R36,,,R_Axial_DIN0207_L6.3mm_D2.5mm_P10.16mm_Horizontal,1M8,tht
9.2,135.38,90.0,top,R37,,,R_Axial_DIN0309_L9.0mm_D3.2mm_P15.24mm_Horizontal,220R 1/2W,tht
20.69,103.6,180.0,top,R38,,,R_Axial_DIN0207_L6.3mm_D2.5mm_P10.16mm_Horizontal,360K,tht
27.0,107.28,-90.0,top,R39,,,R_Axial_DIN0207_L6.3mm_D2.5mm_P10.16mm_Horizontal,10R,tht
16.2,141.83,-90.0,top,R4,,,R_Axial_DIN0207_L6.3mm_D2.5mm_P10.16mm_Horizontal,7K5,tht
10.4,98.0,0.0,top,R42,,,R_Axial_DIN0207_L6.3mm_D2.5mm_P10.16mm_Horizontal,360K,tht
20.53,93.2,180.0,top,R43,,,R_Axial_DIN0207_L6.3mm_D2.5mm_P10.16mm_Horizontal,560K,tht
10.49,90.2,0.0,top,R44,,,R_Axial_DIN0207_L6.3mm_D2.5mm_P10.16mm_Horizontal,470K,tht
20.65,87.2,180.0,top,R45,,,R_Axial_DIN0207_L6.3mm_D2.5mm_P10.16mm_Horizontal,470K,tht
37.0,91.8,0.0,top,R46,,,R_Axial_DIN0207_L6.3mm_D2.5mm_P10.16mm_Horizontal,470K,tht
37.0,81.0,0.0,top,R47,,,R_Axial_DIN0207_L6.3mm_D2.5mm_P10.16mm_Horizontal,470K,tht
16.12,128.69,0.0,top,R5,,,R_Axial_DIN0207_L6.3mm_D2.5mm_P10.16mm_Horizontal,220K,tht
36.4,74.2,180.0,top,R50,,,R_Axial_DIN0207_L6.3mm_D2.5mm_P10.16mm_Horizontal,470K,tht
47.2,84.0,180.0,top,R51,,,R_Axial_DIN0207_L6.3mm_D2.5mm_P10.16mm_Horizontal,1M,tht
20.6,58.2,180.0,top,R52,,,R_Axial_DIN0207_L6.3mm_D2.5mm_P10.16mm_Horizontal,8K2,tht
20.620546,62.2,180.0,top,R53,,,R_Axial_DIN0207_L6.3mm_D2.5mm_P10.16mm_Horizontal,8K2,tht
38.09,157.8,0.0,top,R6,,,R_Axial_DIN0207_L6.3mm_D2.5mm_P10.16mm_Horizontal,75R,tht
38.09,154.8,0.0,top,R7,,,R_Axial_DIN0207_L6.3mm_D2.5mm_P10.16mm_Horizontal,47R,tht
51.35,151.52,90.0,top,R8,,,R_Axial_DIN0207_L6.3mm_D2.5mm_P10.16mm_Horizontal,330R,tht
38.2,143.8,0.0,top,R9,,,R_Axial_DIN0207_L6.3mm_D2.5mm_P10.16mm_Horizontal,120R,tht
343.45,104.28,-90.0,top,RN1,,,R_Array_SIP9,4K7 (8 array),tht
281.78,73.2,0.0,top,RN10,,,R_Array_SIP7,4K7 (6 array),tht
206.2,66.56,-90.0,top,RN11,,,R_Array_SIP5,4K7 (4 array),tht
121.12,85.8,0.0,top,RN2,,,R_Array_SIP5,4K7 (4 array),tht
311.8,73.2,180.0,top,RN3,,,R_Array_SIP5,10K (4 array),tht
194.92,134.25,0.0,top,RN4,,,R_Array_SIP7,4K7 (6 array),tht
358.7,101.75,-90.0,top,RN5,,,R_Array_SIP9,4K7 (8 array),tht
386.4,161.56,-90.0,top,RN6,,,R_Array_SIP5,4K7 (4 array),tht
163.8,119.14,-90.0,top,RN7,,,R_Array_SIP5,4K7 (4 array),tht
357.8,73.8,-90.0,top,RN8,,,R_Array_SIP9,4K7 (8 array),tht
389.74,126.3,180.0,top,RN9,,,R_Array_SIP9,4K7 (8 array),tht
26.95,135.21,-90.0,top,RV2,,,Potentiometer_Bourns_3296W_Vertical,1K,tht
56.2,62.46,-90.0,top,RV4,,,Potentiometer_Bourns_3296W_Vertical,20K,tht
65.8,62.46,-90.0,top,RV5,,,Potentiometer_Bourns_3296W_Vertical,10K,tht
123.6,75.2,90.0,top,SW10,,,SW_DIP_SPSTx04_Slide_6.7x11.72mm_W7.62mm_P2.54mm_LowProfile,SW_DIP_x04,tht
277.6,73.2,180.0,top,SW9,,,SW_PUSH_6mm,SW_ResetHard,tht
194.92,123.45,90.0,top,U11,,,DIP-16_W7.62mm,74HCT365,tht
220.35,123.495,90.0,top,U12,,,DIP-16_W7.62mm,74HCT138,tht
255.7,123.7,0.0,top,U15,,,DIP-32_W15.24mm_Socket,AS6C1008-55PCN,tht
286.325,122.57,0.0,top,U16,,,DIP-28_W15.24mm_Socket,28C256,tht
320.45,104.32,0.0,top,U23,,,DIP-20_W7.62mm,74HCT245,tht
347.2,104.36,0.0,top,U24,,,DIP-20_W7.62mm,74HCT244,tht
25.71,93.025,0.0,top,U25,,,DIP-14_W7.62mm,LM3900N,tht
56.27,93.025,0.0,top,U26,,,DIP-14_W7.62mm,74HCT14,tht
71.6,92.935,0.0,top,U27,,,DIP-16_W7.62mm,74HCT157,tht
25.7,120.99,0.0,top,U3,,,DIP-8_W7.62mm,SN75452,tht
25.8,65.11,0.0,top,U31,,,DIP-14_W7.62mm,74HCT132,tht
41.095808,65.108154,0.0,top,U32,,,DIP-14_W7.62mm,74HCT86,tht
71.67,63.76,0.0,top,U34,,,DIP-14_W7.62mm,74HCT93,tht
86.9,65.11,0.0,top,U35,,,DIP-14_W7.62mm,74HCT93,tht
101.837233,82.641304,0.0,top,U37,,,DIP-28_W15.24mm_Socket,28C256,tht
127.65,70.425,0.0,top,U38,,,DIP-20_W7.62mm,74HCT273,tht
41.09,120.99,0.0,top,U4,,,DIP-16_W7.62mm,74HCT175,tht
209.2,64.09,0.0,top,U40,,,DIP-14_W7.62mm,74HCT11,tht
209.7,71.5,90.0,top,U41,,,DIP-14_W7.62mm,74HCT30,tht
225.45,64.12,0.0,top,U42,,,DIP-16_W7.62mm,74HCT139,tht
240.45,64.125,0.0,top,U43,,,DIP-14_W7.62mm,74HCT125,tht
255.65,64.125,0.0,top,U44,,,DIP-14_W7.62mm,74HCT08,tht
271.02,67.615,0.0,top,U45,,,DIP-14_W7.62mm,74HCT02,tht
286.15,67.625,0.0,top,U46,,,DIP-14_W7.62mm,74HCT00,tht
302.83,67.645,0.0,top,U47,,,DIP-14_W7.62mm,74HCT132,tht
320.49,66.32,0.0,top,U48,,,DIP-40_W15.24mm_Socket,Z80-CPU,tht
347.15,75.0,0.0,top,U49,,,DIP-20_W7.62mm,74HCT244,tht
56.37,120.99,0.0,top,U5,,,DIP-14_W7.62mm,74HCT10,tht
40.75,37.16,0.0,top,U50,,,DIP-16_W7.62mm,74HCT221,tht
57.38,37.16,0.0,top,U51,,,DIP-16_W7.62mm,74HCT221,tht
71.58,37.13,0.0,top,U53,,,DIP-14_W7.62mm,74HCT74,tht
86.8,37.13,0.0,top,U54,,,DIP-14_W7.62mm,74HCT02,tht
101.967233,37.1,0.0,top,U57,,,DIP-16_W7.62mm,74HCT166,tht
171.08,40.25,0.0,top,U59,,,DIP-16_W7.62mm,74HCT367,tht
71.54,120.99,0.0,top,U6,,,DIP-14_W7.62mm,74LS92,tht
203.33,39.625,0.0,top,U60,,,DIP-14_W7.62mm,74HCU04,tht
226.15,39.625,0.0,top,U62,,,DIP-14_W7.62mm,74HCT32,tht
240.52,39.61,0.0,top,U63,,,DIP-14_W7.62mm,74HCT74,tht
257.15,39.625,0.0,top,U64,,,DIP-14_W7.62mm,74LS92,tht
271.012548,39.522392,0.0,top,U65,,,DIP-14_W7.62mm,74HCT32,tht
286.32,39.61,0.0,top,U66,,,DIP-16_W7.62mm,74HCT367,tht
301.5,39.61,0.0,top,U67,,,DIP-14_W7.62mm,74HCT32,tht
343.4,45.8,0.0,top,U68,,,DIP-20_W7.62mm,74HCT244,tht
86.676418,120.980674,0.0,top,U7,,,DIP-14_W7.62mm,74HCT393,tht
167.075,116.7,0.0,top,U9,,,DIP-48_W15.24mm_Socket,CY7C130-55PC,tht
