﻿pos_x,pos_y,rotation,side,designator,mpn,pack,footprint,value,mount_type
10.0,129.644887,90.0,top,C1,,,CP_Radial_D5.0mm_P2.50mm,10uF 16V,tht
92.75,41.35,90.0,top,C100,,,CP_Radial_D5.0mm_P2.50mm,10uF 16V,tht
71.5,138.85,90.0,top,C12,,,CP_Radial_D5.0mm_P2.50mm,10uF 16V,tht
84.0,138.6,180.0,top,C13,,,C_Disc_D4.3mm_W1.9mm_P5.00mm,10nF,tht
16.48,108.1,0.0,top,C17,,,C_Disc_D4.3mm_W1.9mm_P5.00mm,220pF,tht
21.46,105.1,180.0,top,C18,,,C_Disc_D4.3mm_W1.9mm_P5.00mm,220pF,tht
32.75,106.35,180.0,top,C19,,,CP_Radial_D5.0mm_P2.50mm,100uF 16V,tht
21.0,162.6,0.0,top,C2,,,C_Disc_D4.3mm_W1.9mm_P5.00mm,100nF,tht
52.75,116.6,90.0,top,C20,,,C_Disc_D4.3mm_W1.9mm_P5.00mm,100nF,tht
38.0,116.6,90.0,top,C21,,,C_Disc_D4.3mm_W1.9mm_P5.00mm,100nF,tht
79.75,124.35,180.0,top,C22,,,C_Disc_D4.3mm_W1.9mm_P5.00mm,100nF,tht
95.0,124.35,180.0,top,C23,,,C_Disc_D4.3mm_W1.9mm_P5.00mm,100nF,tht
130.93,97.4,90.0,top,C24,,,C_Disc_D4.3mm_W1.9mm_P5.00mm,100nF,tht
146.12,118.1,90.0,top,C25,,,C_Disc_D4.3mm_W1.9mm_P5.00mm,100nF,tht
221.25,131.6,-90.0,top,C26,,,C_Disc_D4.3mm_W1.9mm_P5.00mm,100nF,tht
260.5,131.85,-90.0,top,C29,,,C_Disc_D4.3mm_W1.9mm_P5.00mm,100nF,tht
38.9,152.2,0.0,top,C3,,,C_Disc_D4.3mm_W1.9mm_P5.00mm,10nF,tht
177.0,65.35,90.0,top,C32,,,C_Disc_D4.3mm_W1.9mm_P5.00mm,100nF,tht
160.0,118.1,90.0,top,C33,,,C_Disc_D4.3mm_W1.9mm_P5.00mm,100nF,tht
67.75,117.35,90.0,top,C34,,,C_Disc_D4.3mm_W1.9mm_P5.00mm,100nF,tht
117.75,123.35,180.0,top,C35,,,C_Disc_D4.3mm_W1.9mm_P5.00mm,100nF,tht
80.75,47.1,180.0,top,C39,,,C_Disc_D4.3mm_W1.9mm_P5.00mm,100nF,tht
40.15,147.35,0.0,top,C4,,,CP_Radial_D5.0mm_P2.50mm,10uF 16V,tht
392.557401,117.76,0.0,top,C40,,,CP_Radial_D5.0mm_P2.50mm,10uF 16V,tht
43.13,82.26,0.0,top,C41,,,C_Disc_D4.3mm_W1.9mm_P5.00mm,100nF,tht
49.1,136.7,180.0,top,C43,,,C_Disc_D4.3mm_W1.9mm_P5.00mm,100pF,tht
114.23,91.1,90.0,top,C45,,,C_Disc_D4.3mm_W1.9mm_P5.00mm,100nF,tht
158.5,83.6,180.0,top,C46,,,C_Disc_D4.3mm_W1.9mm_P5.00mm,100nF,tht
282.5,64.85,90.0,top,C47,,,C_Disc_D4.3mm_W1.9mm_P5.00mm,100nF,tht
8.5,82.6,0.0,top,C48,,,C_Disc_D4.3mm_W1.9mm_P5.00mm,1nF,tht
13.94,56.78,180.0,top,C49,,,C_Disc_D4.3mm_W1.9mm_P5.00mm,100nF,tht
17.75,56.81,0.0,top,C50,,,C_Disc_D4.3mm_W1.9mm_P5.00mm,2.7nF,tht
64.75,73.35,-90.0,top,C52,,,C_Disc_D4.3mm_W1.9mm_P5.00mm,100nF,tht
112.75,73.1,-90.0,top,C53,,,C_Disc_D4.3mm_W1.9mm_P5.00mm,100nF,tht
268.8,63.35,90.0,top,C56,,,C_Disc_D4.3mm_W1.9mm_P5.00mm,100nF,tht
283.25,55.6,-90.0,top,C57,,,C_Disc_D4.3mm_W1.9mm_P5.00mm,1nF,tht
359.24,68.18,90.0,top,C58,,,C_Disc_D4.3mm_W1.9mm_P5.00mm,100nF,tht
23.2,42.9,-90.0,top,C59,,,C_Disc_D4.3mm_W1.9mm_P5.00mm,100nF,tht
400.75,47.1,90.0,top,C6,,,CP_Radial_D5.0mm_P2.50mm,10uF 16V,tht
22.69,30.02,-90.0,top,C60,,,C_Disc_D4.3mm_W1.9mm_P5.00mm,47pF,tht
36.75,45.1,-90.0,top,C63,,,C_Disc_D4.3mm_W1.9mm_P5.00mm,100nF,tht
97.75,44.35,-90.0,top,C64,,,C_Disc_D4.3mm_W1.9mm_P5.00mm,100nF,tht
113.0,44.1,-90.0,top,C65,,,C_Disc_D4.3mm_W1.9mm_P5.00mm,100nF,tht
297.5,64.6,90.0,top,C66,,,C_Disc_D4.3mm_W1.9mm_P5.00mm,100nF,tht
82.5,44.35,-90.0,top,C67,,,C_Disc_D4.3mm_W1.9mm_P5.00mm,100nF,tht
267.9,22.41,90.0,top,C68,,,C_Disc_D4.3mm_W1.9mm_P5.00mm,100nF,tht
294.75,48.6,-90.0,top,C69,,,C_Disc_D4.3mm_W1.9mm_P5.00mm,100nF,tht
302.26,45.25,90.0,top,C70,,,CP_Radial_D5.0mm_P2.50mm,22uF 16V,tht
313.65,34.97,90.0,top,C71,,,C_Disc_D4.3mm_W1.9mm_P5.00mm,100nF,tht
358.99,40.09,90.0,top,C72,,,C_Disc_D4.3mm_W1.9mm_P5.00mm,100nF,tht
131.75,43.1,-90.0,top,C73,,,C_Disc_D4.3mm_W1.9mm_P5.00mm,100nF,tht
306.0,76.85,0.0,top,C74,,,C_Disc_D4.3mm_W1.9mm_P5.00mm,100nF,tht
184.5,37.6,90.0,top,C75,,,C_Disc_D4.3mm_W1.9mm_P5.00mm,100nF,tht
77.0,102.35,-90.0,top,C76,,,C_Disc_D4.3mm_W1.9mm_P5.00mm,100nF,tht
65.25,101.85,-90.0,top,C77,,,C_Disc_D4.3mm_W1.9mm_P5.00mm,100nF,tht
49.5,73.6,-90.0,top,C78,,,C_Disc_D4.3mm_W1.9mm_P5.00mm,100nF,tht
38.0,73.6,-90.0,top,C79,,,C_Disc_D4.3mm_W1.9mm_P5.00mm,100nF,tht
88.75,73.35,-90.0,top,C80,,,C_Disc_D4.3mm_W1.9mm_P5.00mm,100nF,tht
207.0,35.6,90.0,top,C81,,,C_Disc_D4.3mm_W1.9mm_P5.00mm,100nF,tht
175.25,115.35,90.0,top,C82,,,C_Disc_D4.3mm_W1.9mm_P5.00mm,100nF,tht
67.0,44.1,-90.0,top,C83,,,C_Disc_D4.3mm_W1.9mm_P5.00mm,100nF,tht
269.75,47.85,-90.0,top,C84,,,C_Disc_D4.3mm_W1.9mm_P5.00mm,100nF,tht
252.0,35.35,90.0,top,C85,,,C_Disc_D4.3mm_W1.9mm_P5.00mm,100nF,tht
253.75,60.6,90.0,top,C86,,,C_Disc_D4.3mm_W1.9mm_P5.00mm,100nF,tht
333.0,128.6,0.0,top,C87,,,C_Disc_D4.3mm_W1.9mm_P5.00mm,100nF,tht
358.75,122.35,90.0,top,C88,,,C_Disc_D4.3mm_W1.9mm_P5.00mm,100nF,tht
221.75,35.35,90.0,top,C89,,,C_Disc_D4.3mm_W1.9mm_P5.00mm,100nF,tht
239.75,127.6,90.0,top,C90,,,CP_Radial_D5.0mm_P2.50mm,10uF 16V,tht
189.5,42.35,-90.0,top,C91,,,CP_Radial_D5.0mm_P2.50mm,10uF 16V,tht
372.75,97.85,90.0,top,C92,,,CP_Radial_D5.0mm_P2.50mm,10uF 16V,tht
257.75,71.1,-90.0,top,C93,,,CP_Radial_D5.0mm_P2.50mm,10uF 16V,tht
310.5,44.35,90.0,top,C94,,,CP_Radial_D5.0mm_P2.50mm,10uF 16V,tht
279.75,17.35,90.0,top,C95,,,CP_Radial_D5.0mm_P2.50mm,10uF 16V,tht
49.75,40.85,90.0,top,C96,,,CP_Radial_D5.0mm_P2.50mm,10uF 16V,tht
50.75,96.6,90.0,top,C97,,,CP_Radial_D5.0mm_P2.50mm,10uF 16V,tht
103.25,97.35,90.0,top,C98,,,CP_Radial_D5.0mm_P2.50mm,10uF 16V,tht
157.690341,78.13303,35.0,top,C99,,,CP_Radial_D5.0mm_P2.50mm,10uF 16V,tht
29.4,162.55,-90.0,top,CR4,,,D_DO-41_SOD81_P12.70mm_Horizontal,1N4001,tht
11.17,87.1,0.0,top,CR5,,,D_DO-34_SOD68_P10.16mm_Horizontal,1N4148,tht
11.17,84.85,0.0,top,CR6,,,D_DO-34_SOD68_P10.16mm_Horizontal,1N4148,tht
38.17,87.85,0.0,top,CR7,,,D_DO-34_SOD68_P10.16mm_Horizontal,1N4148,tht
38.17,85.1,0.0,top,CR8,,,D_DO-34_SOD68_P10.16mm_Horizontal,1N4148,tht
73.85,173.0,-90.0,top,J11,,,BarrelJack_Kycon_KLDX-0202-xC_Horizontal,BarrelJack,tht
27.5,141.875,0.0,top,J13,,,PinHeader_1x02_P2.54mm_Vertical,Head_1x02,tht
396.775,140.1,-90.0,top,J14,,,PinHeader_1x02_P2.54mm_Vertical,Head_1x02,tht
253.29,20.1,-90.0,top,J18,,,PinHeader_1x02_P2.54mm_Vertical,Head_1x02,tht
17.53,177.9,0.0,top,J3,,,J3 - CASSETTE,DIN-5_180degree,tht
264.5,123.125,0.0,top,JP21,,,PinHeader_1x03_P2.54mm_Vertical,Head_1x03,tht
264.5,114.375,0.0,top,JP27,,,PinHeader_1x03_P2.54mm_Vertical,Head_1x03,tht
26.0,148.44,180.0,top,K1,,,Relay_SPDT_Omron_G5V-1,G5V-1,tht
40.111512,162.837862,0.0,top,Q1,,,TO-92L_Inline,2SC1815,tht
40.997609,128.879266,0.0,top,Q2,,,TO-92L_Inline,2SA1015,tht
17.25,152.52,90.0,top,R1,,,R_Axial_DIN0207_L6.3mm_D2.5mm_P10.16mm_Horizontal,100R,tht
39.02,139.45,0.0,top,R10,,,R_Axial_DIN0207_L6.3mm_D2.5mm_P10.16mm_Horizontal,270R,tht
38.98,133.7,0.0,top,R11,,,R_Axial_DIN0207_L6.3mm_D2.5mm_P10.16mm_Horizontal,10K,tht
24.0,132.27,90.0,top,R2,,,R_Axial_DIN0207_L6.3mm_D2.5mm_P10.16mm_Horizontal,1K2,tht
20.5,142.43,-90.0,top,R3,,,R_Axial_DIN0207_L6.3mm_D2.5mm_P10.16mm_Horizontal,7K5,tht
392.75,123.1,90.0,top,R31,,,R_Axial_DIN0207_L6.3mm_D2.5mm_P10.16mm_Horizontal,10K,tht
396.25,133.1,-90.0,top,R32,,,R_Axial_DIN0207_L6.3mm_D2.5mm_P10.16mm_Horizontal,100R,tht
11.32,121.62,0.0,top,R33,,,R_Axial_DIN0207_L6.3mm_D2.5mm_P10.16mm_Horizontal,1M,tht
21.49,119.12,180.0,top,R34,,,R_Axial_DIN0207_L6.3mm_D2.5mm_P10.16mm_Horizontal,10K,tht
21.5,116.54,180.0,top,R35,,,R_Axial_DIN0207_L6.3mm_D2.5mm_P10.16mm_Horizontal,680K,tht
11.32,114.03,0.0,top,R36,,,R_Axial_DIN0207_L6.3mm_D2.5mm_P10.16mm_Horizontal,1M8,tht
10.0,135.98,90.0,top,R37,,,R_Axial_DIN0309_L9.0mm_D3.2mm_P15.24mm_Horizontal,220R 1/2W,tht
21.49,111.43,180.0,top,R38,,,R_Axial_DIN0207_L6.3mm_D2.5mm_P10.16mm_Horizontal,360K,tht
35.46,98.77,180.0,top,R39,,,R_Axial_DIN0207_L6.3mm_D2.5mm_P10.16mm_Horizontal,10R,tht
17.0,142.43,-90.0,top,R4,,,R_Axial_DIN0207_L6.3mm_D2.5mm_P10.16mm_Horizontal,7K5,tht
392.34,99.94,90.0,top,R41,,,R_Axial_DIN0207_L6.3mm_D2.5mm_P10.16mm_Horizontal,4K7,tht
11.17,101.85,0.0,top,R42,,,R_Axial_DIN0207_L6.3mm_D2.5mm_P10.16mm_Horizontal,360K,tht
21.33,98.6,180.0,top,R43,,,R_Axial_DIN0207_L6.3mm_D2.5mm_P10.16mm_Horizontal,560K,tht
11.29,93.1,0.0,top,R44,,,R_Axial_DIN0207_L6.3mm_D2.5mm_P10.16mm_Horizontal,470K,tht
21.45,89.85,180.0,top,R45,,,R_Axial_DIN0207_L6.3mm_D2.5mm_P10.16mm_Horizontal,470K,tht
38.1,91.1,0.0,top,R46,,,R_Axial_DIN0207_L6.3mm_D2.5mm_P10.16mm_Horizontal,470K,tht
38.11,78.39,0.0,top,R47,,,R_Axial_DIN0207_L6.3mm_D2.5mm_P10.16mm_Horizontal,470K,tht
300.59,79.85,0.0,top,R49,,,R_Axial_DIN0207_L6.3mm_D2.5mm_P10.16mm_Horizontal,10K,tht
16.92,129.29,0.0,top,R5,,,R_Axial_DIN0207_L6.3mm_D2.5mm_P10.16mm_Horizontal,220K,tht
20.19,63.27,180.0,top,R50,,,R_Axial_DIN0207_L6.3mm_D2.5mm_P10.16mm_Horizontal,470K,tht
20.21,60.1,180.0,top,R51,,,R_Axial_DIN0207_L6.3mm_D2.5mm_P10.16mm_Horizontal,1M,tht
20.18,52.97,180.0,top,R52,,,R_Axial_DIN0207_L6.3mm_D2.5mm_P10.16mm_Horizontal,8K2,tht
20.18,49.85,180.0,top,R53,,,R_Axial_DIN0207_L6.3mm_D2.5mm_P10.16mm_Horizontal,8K2,tht
316.21,68.11,-90.0,top,R55,,,R_Axial_DIN0207_L6.3mm_D2.5mm_P10.16mm_Horizontal,4K7,tht
18.72,15.98,180.0,top,R56,,,R_Axial_DIN0207_L6.3mm_D2.5mm_P10.16mm_Horizontal,910R,tht
8.5,12.85,0.0,top,R57,,,R_Axial_DIN0207_L6.3mm_D2.5mm_P10.16mm_Horizontal,910R,tht
38.89,157.95,0.0,top,R6,,,R_Axial_DIN0207_L6.3mm_D2.5mm_P10.16mm_Horizontal,75R,tht
38.89,154.95,0.0,top,R7,,,R_Axial_DIN0207_L6.3mm_D2.5mm_P10.16mm_Horizontal,47R,tht
294.84,17.58,180.0,top,R75,,,R_Axial_DIN0207_L6.3mm_D2.5mm_P10.16mm_Horizontal,330R,tht
318.5,89.18,-90.0,top,R77,,,R_Axial_DIN0207_L6.3mm_D2.5mm_P10.16mm_Horizontal,4K7,tht
52.15,152.12,90.0,top,R8,,,R_Axial_DIN0207_L6.3mm_D2.5mm_P10.16mm_Horizontal,330R,tht
271.08,19.85,180.0,top,R80,,,R_Axial_DIN0207_L6.3mm_D2.5mm_P10.16mm_Horizontal,4K7,tht
38.99,142.45,0.0,top,R9,,,R_Axial_DIN0207_L6.3mm_D2.5mm_P10.16mm_Horizontal,120R,tht
355.71,150.54,-90.0,top,RN1,,,R_Array_SIP9,4K7 (8 array),tht
154.17,65.78,180.0,top,RN2,,,R_Array_SIP5,4K7 (4 array),tht
144.13,52.73,90.0,top,SW10,,,SW_DIP_SPSTx04_Slide_6.7x11.72mm_W7.62mm_P2.54mm_LowProfile,SW_DIP_x04,tht
256.45,64.725,0.0,top,U1,,,DIP-14_W7.62mm,74HCT08,tht
149.63,120.38,0.0,top,U11,,,DIP-20_W7.62mm,74HCT273,tht
206.0,123.25,0.0,top,U15,,,DIP-32_W15.24mm_Socket,AS6C1008-55PCN,tht
241.25,64.725,0.0,top,U2,,,DIP-14_W7.62mm,74HCT125,tht
347.98,125.39,0.0,top,U24,,,DIP-20_W7.62mm,74HCT244,tht
121.0,83.35,0.0,top,U37,,,DIP-28_W15.24mm_Socket,28C256,tht
245.25,123.17,0.0,top,U42,,,DIP-28_W15.24mm_Socket,28C256,tht
286.95,68.225,0.0,top,U46,,,DIP-14_W7.62mm,74HCT00,tht
87.476418,121.580674,0.0,top,U7,,,DIP-14_W7.62mm,74HCT393,tht
134.57,120.31,0.0,top,Z10,,,DIP-18_W7.62mm_Socket,uPD2114LC,tht
165.04,120.31,0.0,top,Z12,,,DIP-20_W7.62mm,74HCT245,tht
332.51,125.46,0.0,top,Z23,,,DIP-20_W7.62mm,74HCT245,tht
26.51,93.625,0.0,top,Z25,,,DIP-14_W7.62mm,LM3900N,tht
57.07,93.625,0.0,top,Z26,,,DIP-14_W7.62mm,74HCT14,tht
72.4,93.535,0.0,top,Z27,,,DIP-16_W7.62mm,74HCT157,tht
102.88,93.625,0.0,top,Z29,,,DIP-16_W7.62mm,74HCT157,tht
26.5,121.59,0.0,top,Z3,,,DIP-8_W7.62mm,SN75452,tht
26.6,65.71,0.0,top,Z31,,,DIP-14_W7.62mm,74HCT132,tht
41.93,65.71,0.0,top,Z32,,,DIP-14_W7.62mm,74HCT00,tht
57.14,65.64,0.0,top,Z33,,,DIP-14_W7.62mm,74HCT04,tht
72.47,65.71,0.0,top,Z34,,,DIP-14_W7.62mm,74HCT93,tht
87.7,65.71,0.0,top,Z35,,,DIP-14_W7.62mm,74HCT93,tht
102.74,65.71,0.0,top,Z36,,,DIP-16_W7.62mm,74HCT157,tht
41.89,121.59,0.0,top,Z4,,,DIP-16_W7.62mm,74HCT175,tht
165.08,68.16,0.0,top,Z40,,,DIP-14_W7.62mm,74HCT32,tht
181.5,92.85,0.0,top,Z41,,,DIP-14_W7.62mm,74HCT30,tht
271.82,68.215,0.0,top,Z45,,,DIP-14_W7.62mm,74HCT02,tht
302.26,68.245,0.0,top,Z47,,,DIP-14_W7.62mm,74HCT132,tht
321.29,66.92,0.0,top,Z48,,,DIP-40_W15.24mm_Socket,Z84C00-CPU,tht
347.95,73.275,0.0,top,Z49,,,DIP-20_W7.62mm,74HCT244,tht
57.17,121.59,0.0,top,Z5,,,DIP-14_W7.62mm,74HCT10,tht
11.27,37.73,0.0,top,Z50,,,DIP-14_W7.62mm,SN7404N,tht
26.55,37.73,0.0,top,Z51,,,DIP-14_W7.62mm,74HCT08,tht
57.04,37.73,0.0,top,Z52,,,DIP-14_W7.62mm,74HCT08,tht
72.38,37.73,0.0,top,Z53,,,DIP-14_W7.62mm,74HCT74,tht
87.6,37.73,0.0,top,Z54,,,DIP-14_W7.62mm,74HCT02,tht
102.75,37.89,0.0,top,Z56,,,DIP-16_W7.62mm,74HCT175,tht
121.13,37.975,0.0,top,Z57,,,DIP-16_W7.62mm,74HCT166,tht
171.88,42.18,0.0,top,Z59,,,DIP-16_W7.62mm,74HCT367,tht
72.34,121.59,0.0,top,Z6,,,DIP-14_W7.62mm,74LS92,tht
195.63,40.18,0.0,top,Z60,,,DIP-14_W7.62mm,74HCT11,tht
210.81,40.21,0.0,top,Z61,,,DIP-16_W7.62mm,74HCT139,tht
241.32,40.21,0.0,top,Z63,,,DIP-14_W7.62mm,74HCT74,tht
256.46,40.235,0.0,top,Z64,,,DIP-14_W7.62mm,74HCT32,tht
271.8,40.07,0.0,top,Z65,,,DIP-14_W7.62mm,74LS92,tht
287.12,40.21,0.0,top,Z66,,,DIP-16_W7.62mm,74HCT367,tht
302.3,40.21,0.0,top,Z67,,,DIP-14_W7.62mm,74HCT32,tht
348.0,45.22,0.0,top,Z68,,,DIP-20_W7.62mm,74HCT244,tht
102.85,121.59,0.0,top,Z8,,,DIP-16_W7.62mm,74HCT157,tht
119.41,120.31,0.0,top,Z9,,,DIP-18_W7.62mm_Socket,uPD2114LC,tht
