﻿Designator,Quantity,Value,Footprint,Package,MPN,DNP,Mount_Type,Description,MF,MP,Sim.Device,Sim.Pins,Description_1,Price,SnapEDA_Link,Availability,Check_prices,LCSC
"C1, C100, C12, C4, C40, C6, C90, C91, C92, C93, C94, C95, C96, C97, C98, C99",16,10uF 16V,CP_Radial_D5.0mm_P2.50mm,,,,tht,Polarized capacitor,Panasonic Electronic Components,ECA-1CM100I,,,,,,,,
C101,1,470uF 16V,CP_Radial_D10.0mm_P5.00mm,,,,tht,Polarized capacitor,Panasonic Electronic Components,ECA1CM471,,,,,,,,
"C13, C3",2,10nF,C_Disc_D4.3mm_W1.9mm_P5.00mm,,,,tht,Unpolarized capacitor,KYOCERA AVX,SR211C103KAR,,,,,,,,
"C17, C18",2,220pF,C_Disc_D4.3mm_W1.9mm_P5.00mm,,,,tht,Unpolarized capacitor,KYOCERA AVX,SR211A221JAR,,,,,,,,
C19,1,100uF 16V,CP_Radial_D5.0mm_P2.50mm,,,,tht,Polarized capacitor,Panasonic Electronic Components,ECA1CM101I,,,,,,,,
"C2, C20, C21, C22, C23, C24, C25, C26, C29, C32, C33, C34, C35, C39, C41, C45, C46, C47, C49, C52, C53, C56, C58, C59, C63, C64, C65, C66, C67, C68, C69, C71, C72, C73, C74, C75, C76, C77, C78, C79, C80, C81, C82, C83, C84, C85, C86, C87, C88, C89",50,100nF,C_Disc_D4.3mm_W1.9mm_P5.00mm,,,,tht,Unpolarized capacitor,KYOCERA AVX,SR211C104KAR,,,,,,,,
"C43, C61",2,100pF,C_Disc_D4.3mm_W1.9mm_P5.00mm,,,,tht,Unpolarized capacitor,KYOCERA AVX,SR211A101JAR,,,,,,,,
"C48, C57",2,1nF,C_Disc_D4.3mm_W1.9mm_P5.00mm,,,,tht,Unpolarized capacitor,KYOCERA AVX,SR211A102JAR,,,,,,,,
C50,1,2.7nF,C_Disc_D4.3mm_W1.9mm_P5.00mm,,,,tht,Unpolarized capacitor,KYOCERA AVX,SR211A272JAR,,,,,,,,
C60,1,47pF,C_Disc_D4.3mm_W1.9mm_P5.00mm,,,,tht,Unpolarized capacitor,KYOCERA AVX,SR211A470JAR,,,,,,,,
C70,1,22uF 16V,CP_Radial_D5.0mm_P2.50mm,,,,tht,Polarized capacitor,Panasonic Electronic Components,ECA1CM220I,,,,,,,,
CN3,1,Head_1x20 RA Gold,PinHeader_1x20_P2.54mm_Vertical,,,,tht,1x20 Pin Header for Main Keyboard,Samtec Inc.,TSW-120-08-G-S-RA,,,,,,,,
CR4,1,1N4001,D_DO-41_SOD81_P12.70mm_Horizontal,,,,tht,Rectifier Diode,Diotec Semiconductor,1N4001,D,1=K 2=A,,,,,,
"CR5, CR6, CR7, CR8",4,1N4148,D_DO-34_SOD68_P10.16mm_Horizontal,,,,tht,Small Signal Diode,Diotec Semiconductor,1N4148,D,1=K 2=A,,,,,,
J11,1,BarrelJack,BarrelJack_Kycon_KLDX-0202-xC_Horizontal,,,,tht,DC Barrel Jack with a PCB mounting,"Kycon, Inc.",KLDX-0202-A,,,,,,,,
"J13, J14, J18",3,Head_1x02,PinHeader_1x02_P2.54mm_Vertical,,,,tht,[J13]1x02 Pin Header for Audio; [J14]1x02 Pin Header for RESET; [J18]1x02 Pin Header for Setting CPU speed to Normal,Samtec Inc.,TSW-102-07-T-S,,,,,,,,
J2,1,DIN-5_180degree,J2 - VIDEO OUT,,,,tht,5-pin DIN connector for Video,"Kycon, Inc.",KCDX-5S-N2,,,,,,,,
J20,1,Head_2x20 Gold,PinHeader_2x20_P2.54mm_Even_Odd_Vertical,,,,tht,2x20 Pin Header for Expansion Interface,Samtec Inc.,TSW-120-07-G-D,,,,,,,,
J21,1,Head_2x02 Gold,PinHeader_2x02_P2.54mm_Vertical,,,,tht,2x02 Pin Header for Expansion Power,Samtec Inc.,TSW-102-07-T-D,,,,,,,,
J3,1,DIN-5_180degree,J3 - CASSETTE,,,,tht,5-pin DIN connector for Casette,"Kycon, Inc.",KCDX-5S-N2,,,,,,,,
"JP21, JP27",2,Head_1x03,PinHeader_1x03_P2.54mm_Vertical,,,,tht,1x03 Pin Header for configuring ROM,Samtec Inc.,TSW-103-07-T-S,,,,,,,,
K1,1,G5V-1,Relay_SPDT_Omron_G5V-1,,,,tht,"Ultra-miniature, Highly Sensitive SPDT Relay for Signal Circuits",Omron Electronics Inc-EMC Div,G5V-1-T90 DC5,,,,,,,,
Q1,1,2SC1815,TO-92L_Inline,,,,tht,BJT,Central Semiconductor Corp,2SC1815 PBFREE,,,,,,,,
Q2,1,2SA1015,TO-92L_Inline,,,,tht,BJT,"Shenzhen Slkormicro Semicon Co., Ltd.",2SA1015-B,,,,,,,,
"R1, R32",2,100R,R_Axial_DIN0207_L6.3mm_D2.5mm_P10.16mm_Horizontal,,,,tht,Resistor,YAGEO,MFR-25FBF52-100R,,,,,,,,
R10,1,270R,R_Axial_DIN0207_L6.3mm_D2.5mm_P10.16mm_Horizontal,,,,tht,Resistor,YAGEO,MFR-25FBF52-270R,,,,,,,,
"R11, R31, R34, R49",4,10K,R_Axial_DIN0207_L6.3mm_D2.5mm_P10.16mm_Horizontal,,,,tht,Resistor,YAGEO,MFR-25FBF52-10K,,,,,,,,
R2,1,1K2,R_Axial_DIN0207_L6.3mm_D2.5mm_P10.16mm_Horizontal,,,,tht,Resistor,YAGEO,MFR-25FBF52-1K2,,,,,,,,
"R3, R4",2,7K5,R_Axial_DIN0207_L6.3mm_D2.5mm_P10.16mm_Horizontal,,,,tht,Resistor,YAGEO,MFR-25FBF52-7K5,,,,,,,,
"R33, R51",2,1M,R_Axial_DIN0207_L6.3mm_D2.5mm_P10.16mm_Horizontal,,,,tht,Resistor,YAGEO,MFR-25FBF52-1M,,,,,,,,
R35,1,680K,R_Axial_DIN0207_L6.3mm_D2.5mm_P10.16mm_Horizontal,,,,tht,Resistor,YAGEO,MFR-25FBF52-680K,,,,,,,,
R36,1,1M8,R_Axial_DIN0207_L6.3mm_D2.5mm_P10.16mm_Horizontal,,,,tht,Resistor,YAGEO,MFR-25FBF52-1M8,,,,,,,,
R37,1,220R 1/2W,R_Axial_DIN0309_L9.0mm_D3.2mm_P15.24mm_Horizontal,,,,tht,Resistor,YAGEO,MFR-50FRF52-220R,,,,,,,,
"R38, R42",2,360K,R_Axial_DIN0207_L6.3mm_D2.5mm_P10.16mm_Horizontal,,,,tht,Resistor,YAGEO,MFR-25FBF52-360K,,,,,,,,
R39,1,10R,R_Axial_DIN0207_L6.3mm_D2.5mm_P10.16mm_Horizontal,,,,tht,Resistor,YAGEO,MFR-25FBF52-10R,,,,,,,,
"R41, R55, R77, R80",4,4K7,R_Axial_DIN0207_L6.3mm_D2.5mm_P10.16mm_Horizontal,,,,tht,Resistor,YAGEO,MFR-25FBF52-4K7,,,,,,,,
R43,1,560K,R_Axial_DIN0207_L6.3mm_D2.5mm_P10.16mm_Horizontal,,,,tht,Resistor,YAGEO,MFR-25FBF52-560K,,,,,,,,
"R44, R45, R46, R47, R50",5,470K,R_Axial_DIN0207_L6.3mm_D2.5mm_P10.16mm_Horizontal,,,,tht,Resistor,YAGEO,MFR-25FBF52-470K,,,,,,,,
R5,1,220K,R_Axial_DIN0207_L6.3mm_D2.5mm_P10.16mm_Horizontal,,,,tht,Resistor,YAGEO,MFR-25FBF52-220K,,,,,,,,
"R52, R53",2,8K2,R_Axial_DIN0207_L6.3mm_D2.5mm_P10.16mm_Horizontal,,,,tht,Resistor,YAGEO,MFR-25FBF52-8K2,,,,,,,,
"R56, R57",2,910R,R_Axial_DIN0207_L6.3mm_D2.5mm_P10.16mm_Horizontal,,,,tht,Resistor,YAGEO,MFR-25FBF52-910R,,,,,,,,
R6,1,75R,R_Axial_DIN0207_L6.3mm_D2.5mm_P10.16mm_Horizontal,,,,tht,Resistor,YAGEO,MFR-25FBF52-75R,,,,,,,,
R7,1,47R,R_Axial_DIN0207_L6.3mm_D2.5mm_P10.16mm_Horizontal,,,,tht,Resistor,YAGEO,MFR-25FBF52-47R,,,,,,,,
"R75, R8",2,330R,R_Axial_DIN0207_L6.3mm_D2.5mm_P10.16mm_Horizontal,,,,tht,Resistor,YAGEO,MFR-25FBF52-330R,,,,,,,,
R9,1,120R,R_Axial_DIN0207_L6.3mm_D2.5mm_P10.16mm_Horizontal,,,,tht,Resistor,YAGEO,MFR-25FBF52-120R,,,,,,,,
RN1,1,4K7 (8 array),R_Array_SIP9,,,,tht,"8 resistor network, star topology, bussed resistors, small symbol",Bourns Inc.,4609X-101-472LF,,,,,,,,
RN2,1,4K7 (4 array),R_Array_SIP5,,,,tht,"4 resistor network, star topology, bussed resistors, small symbol",Bourns Inc.,4605X-101-472LF,,,,,,,,
SW1,1,SW_Power,472131020421,None,,,tht,,Wurth Elektronik,472131020421,,,"1A /30VDC, 6.35mm cut out,  DPDT ON-ON , 6.7mm round actuator , 7.1mm non-threaded keyway bushing, right angle, THT, silver, Tray",None,https://www.snapeda.com/parts/472131020421/Wurth+Electronics/view-part/?ref=snap,Not in stock,https://www.snapeda.com/parts/472131020421/Wurth+Electronics/view-part/?ref=eda,
SW10,1,SW_DIP_x04,SW_DIP_SPSTx04_Slide_6.7x11.72mm_W7.62mm_P2.54mm_LowProfile,,,,tht,"4x DIP Switch, Single Pole Single Throw (SPST) switch, small symbol",Same Sky,DS04-254-1L-04BK,,,,,,,,
SW2,1,SW_Reset,SW_Push_1P2T_Vertical_E-Switch_800UDP8P1A1M6,,,,tht,"Switch, single pole double throw",E-Switch,800SP8B6M6RE,,,,,,,,C3315697
"TP1, TP2, TP3",3,TestPoint,TestPoint_THTPad_1.0x1.0mm_Drill0.5mm,,,,tht,test point,,,,,,,,,,
"U1, Z51, Z52",3,74HCT08,DIP-14_W7.62mm,,,,tht,Quad And2,TI,SN74HCT08N,,,,,,,,
U11,1,74HCT273,DIP-20_W7.62mm,,,,tht,"8-bit D Flip-Flop, reset",TI,SN74HCT273N,,,,,,,,
U15,1,AS6C1008-55PCN,DIP-32_W15.24mm_Socket,,,,tht,"1-Mbit (128K X 8-bit) Low Power CMOS SRAM, single 2.7V ~ 5.5V power supply, 55ns, DIP-32","Alliance Memory, Inc.",AS6C1008-55PCN,,,,,,,,
U2,1,74HCT125,DIP-14_W7.62mm,,,,tht,Quad buffer 3-State outputs,TI,SN74HCT125N,,,,,,,,
"U24, Z49, Z68",3,74HCT244,DIP-20_W7.62mm,,,,tht,,TI,SN74HCT244N,,,,,,,,
"U37, U42",2,28C256,DIP-28_W15.24mm_Socket,,,,tht,"Paged Parallel EEPROM 256Kb (32K x 8), DIP-28/SOIC-28",Microchip Technology,AT28C256-15PU,,,,,,,,
"U46, Z32",2,74HCT00,DIP-14_W7.62mm,,,,tht,quad 2-input NAND gate,TI,SN74HCT00N,,,,,,,,
U7,1,74HCT393,DIP-14_W7.62mm,,,,tht,Dual BCD 4-bit counter,TI,CD74HCT393E,,,,,,,,
"Z10, Z9",2,uPD2114LC,DIP-18_W7.62mm_Socket,,,,tht,"SRAM, 1KX4, 150ns, MOS, PDIP18",TI,TMS2114L-15,,,,,,,,
"Z12, Z23",2,74HCT245,DIP-20_W7.62mm,,,,tht,,TI,SN74HCT157N,,,,,,,,
Z25,1,LM3900N,DIP-14_W7.62mm,,,,tht,,TI,LM3900N,,,,,,,,
Z26,1,74HCT14,DIP-14_W7.62mm,,,,tht,,TI,SN74HCT14N,,,,,,,,
"Z27, Z29, Z36, Z8",4,74HCT157,DIP-16_W7.62mm,,,,tht,,TI,SN74HCT157N,,,,,,,,
Z3,1,SN75452,DIP-8_W7.62mm,,,,tht,,TI,SN75452BP,,,,,,,,
"Z31, Z47",2,74HCT132,DIP-14_W7.62mm,,,,tht,,TI,CD74HCT132E,,,,,,,,
Z33,1,74HCT04,DIP-14_W7.62mm,,,,tht,,TI,SN74HCT04N,,,,,,,,
"Z34, Z35",2,74HCT93,DIP-14_W7.62mm,,,,tht,Divide by 2 & 8 counter,TI,CD74HCT93E,,,,,,,,
"Z4, Z56",2,74HCT175,DIP-16_W7.62mm,,,,tht,,TI,CD74HCT175E,,,,,,,,
"Z40, Z64, Z67",3,74HCT32,DIP-14_W7.62mm,,,,tht,,TI,CD74HCT32E,,,,,,,,
Z41,1,74HCT30,DIP-14_W7.62mm,,,,tht,8-input NAND,TI,CD74HCT30E,,,,,,,,
"Z45, Z54",2,74HCT02,DIP-14_W7.62mm,,,,tht,,TI,SN74HCT02N,,,,,,,,
Z48,1,Z84C00-CPU,DIP-40_W15.24mm_Socket,,,,tht,,ZILOG,Z84C0006PEG,,,,,,,,
Z5,1,74HCT10,DIP-14_W7.62mm,,,,tht,,TI,CD74HCT10E,,,,,,,,
Z50,1,SN7404N,DIP-14_W7.62mm,,,,tht,,TI,SN7404N,,,,,,,,
"Z53, Z63",2,74HCT74,DIP-14_W7.62mm,,,,tht,,TI,CD74HCT74E,,,,,,,,
Z57,1,74HCT166,DIP-16_W7.62mm,,,,tht,,TI,CD74HCT166E,,,,,,,,
"Z59, Z66",2,74HCT367,DIP-16_W7.62mm,,,,tht,,TI,CD74HCT367E,,,,,,,,
"Z6, Z65",2,74LS92,DIP-14_W7.62mm,,,,tht,Divide by 12 counter,TI,SN74LS92N,,,,,,,,
Z60,1,74HCT11,DIP-14_W7.62mm,,,,tht,,TI,CD74HCT11E,,,,,,,,
Z61,1,74HCT139,DIP-16_W7.62mm,,,,tht,,TI,SN74HCT139N,,,,,,,,
