﻿Designator,Quantity,Value,Footprint,Package,MPN,DNP,Mount_Type,Description
"C1, C2, C3, C4",4,100nF,C_Disc_D3.0mm_W2.0mm_P2.50mm,,,,tht,Unpolarized capacitor
J1,1,SOCKET,DIP-32_W15.24mm,,,,tht,"1-Mbit (128K X 8-bit) Low Power CMOS SRAM, single 2.7V ~ 5.5V power supply, 55ns, DIP-32"
J2,1,Conn_01x03,PinHeader_1x03_P2.54mm_Vertical,,,,tht,"Generic connector, single row, 01x03, script generated (kicad-library-utils/schlib/autogen/connector/)"
U1,1,AS6C4008-55PCN,DIP-32_W15.24mm,,,,tht,"512K x 8 Low Power CMOS RAM, DIP-32"
U2,1,PAL24,DIP-24_W7.62mm_Socket,,,,tht,generic 24-pin Programmable Array Logic (PAL) device
U3,1,74LS174,DIP-16_W7.62mm,,,,tht,"Hex D-type Flip-Flop, reset"
U4,1,74HCT244,DIP-20_W7.62mm,,,,tht,"Octal Buffer and Line Driver With 3-State Output, active-low enables, non-inverting outputs"
