﻿pos_x,pos_y,rotation,side,designator,mpn,pack,footprint,value,mount_type
165.41,-78.74,180.0,bottom,C1,,,C_0805_2012Metric_Pad1.18x1.45mm_HandSolder,100nF,smt
129.09,-78.85,180.0,bottom,C2,,,C_0805_2012Metric_Pad1.18x1.45mm_HandSolder,100nF,smt
129.12,-64.34,180.0,bottom,C3,,,C_0805_2012Metric_Pad1.18x1.45mm_HandSolder,100nF,smt
109.67,-78.78,180.0,bottom,C4,,,C_0805_2012Metric_Pad1.18x1.45mm_HandSolder,100nF,smt
147.12,-78.68,180.0,bottom,C5,,,C_0805_2012Metric_Pad1.18x1.45mm_HandSolder,100nF,smt
146.61,-64.24,180.0,bottom,C6,,,C_0805_2012Metric_Pad1.18x1.45mm_HandSolder,100nF,smt
165.48,-64.14,180.0,bottom,C7,,,C_0805_2012Metric_Pad1.18x1.45mm_HandSolder,100nF,smt
109.63,-64.28,180.0,bottom,C8,,,C_0805_2012Metric_Pad1.18x1.45mm_HandSolder,100nF,smt
152.71,-87.495,180.0,top,C9,,,C_0805_2012Metric_Pad1.18x1.45mm_HandSolder,100nF,smt
110.6,-52.81,180.0,bottom,D1,,,LED_D3.0mm,LED,tht
116.015,-54.115,90.0,top,J1,,,PinHeader_2x02_P2.54mm_Vertical,Conn_02x02_Odd_Even,tht
123.635,-54.115,90.0,top,J2,,,PinHeader_2x20_P2.54mm_Even_Odd_Vertical,Conn_02x20_Odd_Even,tht
157.75,-106.34,0.0,top,J3,,,SD_Hirose_DM1AA_SF_PEJ82,SD_Card_Receptacle,smt
176.0075,-52.77,90.0,bottom,Q1,,,SOT-23_Handsoldering,SSM3K324RLFCT-ND,smt
179.8,-52.77,90.0,bottom,Q2,,,SOT-23_Handsoldering,SSM3K324RLFCT-ND,smt
111.26,-57.99,-90.0,bottom,R1,,,R_0805_2012Metric_Pad1.20x1.40mm_HandSolder,100,smt
166.34,-84.08,90.0,top,R10,,,R_0805_2012Metric_Pad1.20x1.40mm_HandSolder,10k,smt
152.77,-84.79,0.0,top,R11,,,R_0805_2012Metric_Pad1.20x1.40mm_HandSolder,10k,smt
157.71,-82.47,180.0,bottom,R2,,,R_0805_2012Metric_Pad1.20x1.40mm_HandSolder,1k,smt
145.09,-48.3,180.0,bottom,R6,,,R_0805_2012Metric_Pad1.20x1.40mm_HandSolder,1k,smt
150.63,-48.36,180.0,bottom,R8,,,R_0805_2012Metric_Pad1.20x1.40mm_HandSolder,1k,smt
135.85,-71.52,-90.0,bottom,U1,,,SOIC-24W_7.5x15.4mm_P1.27mm,SN74LVCC4245ADWR,smt
154.98,-97.995,90.0,bottom,U2,,,RaspberryPi_Pico_SMD_HandSolder,RaspberryPi_Pico,smt
154.02,-71.45,-90.0,bottom,U3,,,SOIC-24W_7.5x15.4mm_P1.27mm,SN74LVCC4245ADWR,smt
117.72,-71.54,-90.0,bottom,U4,,,SOIC-24W_7.5x15.4mm_P1.27mm,SN74LVCC4245ADWR,smt
172.29,-71.43,-90.0,bottom,U5,,,SOIC-24W_7.5x15.4mm_P1.27mm,SN74LVCC4245ADWR,smt
