﻿Designator,Quantity,Value,Footprint,Package,MPN,DNP,Mount_Type,Cost,Digikey,Description,Sim.Pins,Part
"C1, C2, C3, C4, C5, C6, C7, C8, C9",9,100nF,C_0805_2012Metric_Pad1.18x1.45mm_HandSolder,,,,smt,0.10,732-8080-1-ND,,,
D1,1,LED,LED_D3.0mm,,,,tht,0.70,754-1519-1-ND,Light emitting diode,1=K 2=A,
J1,1,Conn_02x02_Odd_Even,PinHeader_2x02_P2.54mm_Vertical,,,,tht,,,"Generic connector, double row, 02x02, odd/even pin numbering scheme (row 1 odd numbers, row 2 even numbers), script generated (kicad-library-utils/schlib/autogen/connector/)",,
J2,1,Conn_02x20_Odd_Even,PinHeader_2x20_P2.54mm_Even_Odd_Vertical,,,,tht,3.69,A31723-ND,,,A31723-ND
J3,1,SD_Card_Receptacle,SD_Hirose_DM1AA_SF_PEJ82,,,,smt,,,SD card receptacle,,
"Q1, Q2",2,SSM3K324RLFCT-ND,SOT-23_Handsoldering,,,,smt,.37,SSM3K324RLFCT-ND,"N-MOSFET transistor, gate/source/drain",,
R1,1,100,R_0805_2012Metric_Pad1.20x1.40mm_HandSolder,,,,smt,0.1,RMCF0805FT100RCT-ND,,,
"R10, R11",2,10k,R_0805_2012Metric_Pad1.20x1.40mm_HandSolder,,,,smt,0.1,A106056CT-ND,,,
"R2, R6, R8",3,1k,R_0805_2012Metric_Pad1.20x1.40mm_HandSolder,,,,smt,0.1,A106056CT-ND,,,
"U1, U3, U4, U5",4,SN74LVCC4245ADWR,SOIC-24W_7.5x15.4mm_P1.27mm,,,,smt,1.83,296-26634-1-ND,,,
U2,1,RaspberryPi_Pico,RaspberryPi_Pico_SMD_HandSolder,,,,smt,4.00,2648-SC0915CT-ND,"Versatile and inexpensive microcontroller module (with debug pins) powered by RP2040 dual-core Arm Cortex-M0+ processor up to 133 MHz, 264kB SRAM, 2MB QSPI flash; also supports Raspberry Pi Pico 2",,
