﻿Designator,Footprint,Quantity,Value,LCSC Part #
"C1, C10, C12, C4, C89, C90, C91, C92, C93, C94, C95, C96, C97, C98, C99",CP_Radial_D5.0mm_P2.50mm,15,10uF 16V,
C11,CP_Radial_D12.5mm_P5.00mm,1,3300uF 16V,
"C13, C3",C_Disc_D4.3mm_W1.9mm_P5.00mm,2,10nF,
"C17, C18",C_Disc_D4.3mm_W1.9mm_P5.00mm,2,220pF,
C19,CP_Radial_D5.0mm_P2.50mm,1,100uF 16V,
"C2, C20, C21, C22, C23, C24, C25, C26, C27, C28, C29, C30, C31, C32, C33, C34, C35, C36, C37, C38, C39, C41, C44, C45, C46, C47, C51, C52, C53, C54, C55, C56, C58, C59, C63, C64, C65, C66, C67, C68, C69, C71, C72, C73, C74, C75",C_Disc_D4.3mm_W1.9mm_P5.00mm,46,100nF,
C43,C_Disc_D4.3mm_W1.9mm_P5.00mm,1,100pF,
"C48, C57",C_Disc_D4.3mm_W1.9mm_P5.00mm,2,1nF,
"C5, C6",C_Disc_D4.3mm_W1.9mm_P5.00mm,2,1nF 5% COG,
C50,C_Disc_D4.3mm_W1.9mm_P5.00mm,1,2.7nF,
"C60, C61",C_Disc_D4.3mm_W1.9mm_P5.00mm,2,33pF,
C7,C_Disc_D4.3mm_W1.9mm_P5.00mm,1,1000nF,
C8,C_Disc_D4.3mm_W1.9mm_P5.00mm,1,100nF 5% COG,
C9,CP_Radial_D5.0mm_P2.50mm,1,22uF 16V,
CN3,PinHeader_1x20_P2.54mm_Vertical,1,Head_1x20 RA Gold,
CR4,D_DO-41_SOD81_P12.70mm_Horizontal,1,1N4001,
"CR5, CR6, CR7, CR8",D_DO-34_SOD68_P10.16mm_Horizontal,4,1N4148,
D1,LED_D3.0mm_Horizontal_O3.81mm_Z2.0mm,1,LED,
J11,BarrelJack_Kycon_KLDX-0202-xC_Horizontal,1,BarrelJack,
J2,J2 - VIDEO OUT,1,DIN-5_180degree,
J20,PinHeader_2x20_P2.54mm_Even_Odd_Vertical,1,Head_2x20 Gold,
J21,PinHeader_2x02_P2.54mm_Vertical,1,Head_2x02 Gold,
J3,J3 - CASSETTE,1,DIN-5_180degree,
"J8, JP18",PinHeader_1x02_P2.54mm_Vertical,2,Head_1x02,
J9,PinHeader_2x05_P2.54mm_Vertical,1,Head_2x05,
"JP21, JP27",PinHeader_1x03_P2.54mm_Vertical,2,Head_1x03,
K1,Relay_SPDT_Omron_G5V-1,1,G5V-1,C152707
Q1,TO-92L_Inline,1,2SC1815,
Q2,TO-92L_Inline,1,2SA1015,
"R1, R28, R30",R_Axial_DIN0207_L6.3mm_D2.5mm_P10.16mm_Horizontal,3,100R,
R10,R_Axial_DIN0207_L6.3mm_D2.5mm_P10.16mm_Horizontal,1,270R,
"R11, R34",R_Axial_DIN0207_L6.3mm_D2.5mm_P10.16mm_Horizontal,2,10K,
"R13, R29, R8",R_Axial_DIN0207_L6.3mm_D2.5mm_P10.16mm_Horizontal,3,330R,
R16,R_Axial_DIN0207_L6.3mm_D2.5mm_P10.16mm_Horizontal,1,62K,
"R17, R3, R4",R_Axial_DIN0207_L6.3mm_D2.5mm_P10.16mm_Horizontal,3,7K5,
R18,R_Axial_DIN0207_L6.3mm_D2.5mm_P10.16mm_Horizontal,1,24K,
R19,R_Axial_DIN0207_L6.3mm_D2.5mm_P10.16mm_Horizontal,1,4K3,
R2,R_Axial_DIN0207_L6.3mm_D2.5mm_P10.16mm_Horizontal,1,200R,
R25,R_Axial_DIN0207_L6.3mm_D2.5mm_P10.16mm_Horizontal,1,2M2,
R26,R_Axial_DIN0207_L6.3mm_D2.5mm_P10.16mm_Horizontal,1,1K,
R27,R_Axial_DIN0207_L6.3mm_D2.5mm_P10.16mm_Horizontal,1,4K7,
"R33, R51",R_Axial_DIN0207_L6.3mm_D2.5mm_P10.16mm_Horizontal,2,1M,
R35,R_Axial_DIN0207_L6.3mm_D2.5mm_P10.16mm_Horizontal,1,680K,
R36,R_Axial_DIN0207_L6.3mm_D2.5mm_P10.16mm_Horizontal,1,1M8,
R37,R_Axial_DIN0309_L9.0mm_D3.2mm_P15.24mm_Horizontal,1,220R 1/2W,
"R38, R42",R_Axial_DIN0207_L6.3mm_D2.5mm_P10.16mm_Horizontal,2,360K,
R39,R_Axial_DIN0207_L6.3mm_D2.5mm_P10.16mm_Horizontal,1,10R,
R43,R_Axial_DIN0207_L6.3mm_D2.5mm_P10.16mm_Horizontal,1,560K,
"R44, R45, R46, R47, R50",R_Axial_DIN0207_L6.3mm_D2.5mm_P10.16mm_Horizontal,5,470K,
R5,R_Axial_DIN0207_L6.3mm_D2.5mm_P10.16mm_Horizontal,1,220K,
"R52, R53",R_Axial_DIN0207_L6.3mm_D2.5mm_P10.16mm_Horizontal,2,8K2,
R6,R_Axial_DIN0207_L6.3mm_D2.5mm_P10.16mm_Horizontal,1,75R,
R7,R_Axial_DIN0207_L6.3mm_D2.5mm_P10.16mm_Horizontal,1,47R,
R9,R_Axial_DIN0207_L6.3mm_D2.5mm_P10.16mm_Horizontal,1,120R,
"RN1, RN5, RN8, RN9",R_Array_SIP9,4,4K7 (8 array),
"RN10, RN4",R_Array_SIP7,2,4K7 (6 array),
"RN11, RN2, RN6, RN7",R_Array_SIP5,4,4K7 (4 array),
RN3,R_Array_SIP5,1,10K (4 array),
RV2,Potentiometer_Bourns_3296W_Vertical,1,1K,
RV4,Potentiometer_Bourns_3296W_Vertical,1,20K,
RV5,Potentiometer_Bourns_3296W_Vertical,1,10K,
SW1,472131020421,1,SW_Power,C6382074
SW10,SW_DIP_SPSTx04_Slide_6.7x11.72mm_W7.62mm_P2.54mm_LowProfile,1,SW_DIP_x04,
SW2,SW_Push_1P2T_Vertical_E-Switch_800UDP8P1A1M6,1,SW_Reset,C3315697
SW9,SW_PUSH_6mm,1,SW_ResetHard,
TP100,TestPoint_THTPad_D2.5mm_Drill1.2mm,1,TestPoint,
U11,DIP-16_W7.62mm,1,74HCT365,C2860573
U12,DIP-16_W7.62mm,1,74HCT138,
U15,DIP-32_W15.24mm_Socket,1,AS6C1008-55PCN,C1523885
"U16, U37",DIP-28_W15.24mm_Socket,2,28C256,C1348752
U23,DIP-20_W7.62mm,1,74HCT245,C133640
"U24, U49, U68",DIP-20_W7.62mm,3,74HCT244,C347587
U25,DIP-14_W7.62mm,1,LM3900N,C354091
U26,DIP-14_W7.62mm,1,74HCT14,C352959
U27,DIP-16_W7.62mm,1,74HCT157,C1547094
U3,DIP-8_W7.62mm,1,SN75452,C45388
"U31, U47",DIP-14_W7.62mm,2,74HCT132,C2864081
U32,DIP-14_W7.62mm,1,74HCT86,C2860012
"U34, U35",DIP-14_W7.62mm,2,74HCT93,C2879091
U38,DIP-20_W7.62mm,1,74HCT273,C1523188
U4,DIP-16_W7.62mm,1,74HCT175,C2879062
U40,DIP-14_W7.62mm,1,74HCT11,C2867788
U41,DIP-14_W7.62mm,1,74HCT30,C2869653
U42,DIP-16_W7.62mm,1,74HCT139,C1547110
U43,DIP-14_W7.62mm,1,74HCT125,C154102
U44,DIP-14_W7.62mm,1,74HCT08,C273646
"U45, U54",DIP-14_W7.62mm,2,74HCT02,C354417
U46,DIP-14_W7.62mm,1,74HCT00,C354416
U48,DIP-40_W15.24mm_Socket,1,Z80-CPU,
U5,DIP-14_W7.62mm,1,74HCT10,C2862275
"U50, U51",DIP-16_W7.62mm,2,74HCT221,C3236200
"U53, U63",DIP-14_W7.62mm,2,74HCT74,C1523192
U57,DIP-16_W7.62mm,1,74HCT166,C2861753
"U59, U66",DIP-16_W7.62mm,2,74HCT367,C1548354
"U6, U64",DIP-14_W7.62mm,2,74LS92,C129174
U60,DIP-14_W7.62mm,1,74HCU04,C2867641
"U62, U65, U67",DIP-14_W7.62mm,3,74HCT32,C2867734
U7,DIP-14_W7.62mm,1,74HCT393,C1523312
U9,DIP-48_W15.24mm_Socket,1,CY7C130-55PC,C2955198
Y1,Crystal_HC49-U_Horizontal,1,10.6445MHz,-
